campaignID,campaign_duration,total_users,total_promo_cost,total_real_money,overall_roi,npu_volume,npu_avg_retention_rate,npu_elite_ratio,npu_hunter_ratio,epu_volume,epu_real_money,epu_arpu,epu_reactivation_count,npu_acquisition_velocity,epu_contribution_ratio,npu_quality_score,epu_quality_score,business_impact_score,total_cqi
8953,131,125,3750000,49376191,13.166984266666667,1.0,1.0,1.0,0.0,124.0,48923271.0,394542.5080645161,0.0,0.007633587786259542,0.992,100.0,100.0,2.5353884408367438,61.0141553763347
7873,38,6,90000,2155424,23.949155555555556,1.0,1.0,1.0,0.0,5.0,2005924.0,401184.8,0.0,0.02631578947368421,0.8333333333333334,100.0,100.0,2.300791290669894,60.92031651626796
10154,55,69,690000,8253390,11.961434782608695,1.0,1.0,1.0,0.0,68.0,8197390.0,120549.85294117648,0.0,0.01818181818181818,0.9855072463768116,100.0,100.0,1.8354521051449801,60.734180842057995
10159,17,4,40000,764000,19.1,1.0,1.0,1.0,0.0,3.0,674000.0,224666.66666666666,0.0,0.058823529411764705,0.75,100.0,100.0,1.8245838276948554,60.729833531077944
7821,203,96,1440000,12516496,8.69201111111111,1.0,1.0,1.0,0.0,95.0,12272996.0,129189.43157894736,0.0,0.0049261083743842365,0.9895833333333334,100.0,100.0,1.8114099859950692,60.724563994398025
9246,59,35,350000,4556894,13.019697142857142,1.0,1.0,1.0,0.0,34.0,4401894.0,129467.4705882353,0.0,0.01694915254237288,0.9714285714285714,100.0,100.0,1.5785598875528946,60.631423955021155
8954,84,25,750000,9953000,13.270666666666667,1.0,1.0,1.0,0.0,24.0,9582000.0,399250.0,0.0,0.011904761904761904,0.96,100.0,100.0,1.497343716905333,60.59893748676213
10220,5,23,345000,4503195,13.052739130434782,1.0,1.0,1.0,0.0,22.0,4358053.0,198093.31818181818,0.0,0.2,0.9565217391304348,100.0,100.0,1.4559285139578073,60.582371405583125
5483,192,11,165000,1582272,9.589527272727272,1.0,1.0,1.0,0.0,10.0,1367272.0,136727.2,0.0,0.005208333333333333,0.9090909090909091,100.0,100.0,1.0050593371971979,60.40202373487888
8922,67,3,90000,880000,9.777777777777779,2.0,1.0,1.0,0.0,1.0,184000.0,184000.0,0.0,0.029850746268656716,0.3333333333333333,100.0,100.0,0.9389105089719848,60.375564203588794
9427,1,2,40000,245000,6.125,1.0,1.0,1.0,0.0,1.0,170000.0,170000.0,0.0,1.0,0.5,100.0,100.0,0.5855000269773337,60.234200010790936
9734,12,3,90000,263613,2.9290333333333334,2.0,1.0,1.0,0.0,1.0,96500.0,96500.0,0.0,0.16666666666666666,0.3333333333333333,100.0,90.44360420496372,0.29593178649790924,58.20709355559191
9740,51,137,2145000,12299022,5.73380979020979,1.0,1.0,1.0,0.0,136.0,12149022.0,89331.04411764706,0.0,0.0196078431372549,0.9927007299270073,100.0,83.72457613878366,1.9632752853527577,57.53022534189784
8911,41,4,40000,3133936,78.3484,2.0,1.0,0.5,0.0,2.0,2272000.0,1136000.0,0.0,0.04878048780487805,0.5,85.00000000000001,100.0,7.386984476405764,56.95479379056231
9524,26,67,670000,5485389,8.18714776119403,1.0,1.0,1.0,0.0,66.0,5445389.0,82505.89393939394,1.0,0.038461538461538464,0.9850746268656716,100.0,77.32777633193015,1.460156218374265,56.04961775373574
8300,176,2558,76860000,1558561851,20.277931967213114,1260.0,0.7222222222222222,0.14365079365079364,0.0015873015873015873,1298.0,329929106.0,254182.67026194144,0.0,7.159090909090909,0.5074276778733385,60.38888888888889,100.0,28.69543951015246,55.63373135961655
9268,67,7,105000,2267128,21.591695238095237,2.0,1.0,0.5,0.0,5.0,1246628.0,249325.6,0.0,0.029850746268656716,0.7142857142857143,85.00000000000001,100.0,2.089944302760558,54.83597772110423
9648,24,4,60000,726000,12.1,2.0,1.0,0.5,0.0,2.0,303000.0,151500.0,0.0,0.08333333333333333,0.5,85.00000000000001,100.0,1.1674048230132712,54.46696192920532
8901,123,46,230000,22379000,97.3,29.0,0.896551724137931,0.3448275862068966,0.0,17.0,8619000.0,507000.0,0.0,0.23577235772357724,0.3695652173913043,75.17241379310344,100.0,9.606279194974986,53.91147719523138
7424,109,1620,56700000,584574889,10.309962768959435,435.0,0.8459770114942529,0.09425287356321839,0.029885057471264367,1185.0,396454130.0,334560.44725738396,0.0,3.9908256880733943,0.7314814814814815,64.52873563218391,100.0,17.931455207537923,52.98407633588874
8833,25,12,180000,3514000,19.522222222222222,3.0,1.0,0.3333333333333333,0.0,9.0,2769000.0,307666.6666666667,0.0,0.12,0.75,80.0,100.0,1.9480454929621176,52.779218197184846
8934,134,1394,48790000,384816391,7.887198011887682,178.0,0.8314606741573034,0.16292134831460675,0.033707865168539325,1216.0,314667193.0,258772.36266447368,0.0,1.328358208955224,0.8723098995695839,65.78651685393258,100.0,15.33601959179963,52.44901457829288
8930,133,304,3040000,48845967,16.06775230263158,16.0,0.9375,0.3125,0.0,288.0,44891392.0,155872.88888888888,0.0,0.12030075187969924,0.9473684210526315,76.25,100.0,4.683244308860573,52.373297723544226
9290,20,445,4450000,290014703,65.17184337078652,1.0,1.0,0.0,0.0,444.0,289696897.0,652470.4887387387,0.0,0.05,0.9977528089887641,70.0,100.0,10.7706376735949,52.30825506943796
8958,18,3,45000,213000,4.733333333333333,1.0,1.0,1.0,0.0,2.0,129000.0,64500.0,0.0,0.05555555555555555,0.6666666666666666,100.0,60.45194270694466,0.46532436909033525,52.27651828902507
9251,22,10,100000,660600,6.606,1.0,1.0,1.0,0.0,9.0,562600.0,62511.11111111111,0.0,0.045454545454545456,0.9,100.0,58.58787763467195,0.7144799096013668,52.003367490774934
9140,66,659,9885000,88424042,8.945274860900355,24.0,1.0,0.08333333333333333,0.08333333333333333,635.0,85735589.0,135016.67559055117,0.0,0.36363636363636365,0.9635811836115327,70.83333333333334,100.0,7.734181206862837,51.42700581607848
8937,116,147,2940000,192225324,65.38276326530612,24.0,0.8333333333333334,0.2916666666666667,0.0,123.0,148746560.0,1209321.6260162601,0.0,0.20689655172413793,0.8367346938775511,70.41666666666666,100.0,7.668058852703817,51.23389020774819
6312,194,66,465000,11405258,24.527436559139787,12.0,1.0,0.16666666666666666,0.0,54.0,11030258.0,204264.03703703705,0.0,0.061855670103092786,0.8181818181818182,75.0,100.0,2.983749106774848,51.19349964270994
8928,133,249,2490000,168026005,67.48032329317269,52.0,0.8076923076923077,0.28846153846153844,0.0,197.0,131169729.0,665836.1878172589,0.0,0.39097744360902253,0.7911646586345381,69.03846153846153,100.0,8.93371776621913,51.18887172187227
8985,56,512,10240000,71433448,6.97592265625,66.0,1.0,0.030303030303030304,0.015151515151515152,446.0,60922014.0,136596.44394618834,0.0,1.1785714285714286,0.87109375,70.60606060606061,100.0,6.0090583727580835,50.646047591527484
9958,26,110,1650000,9401817,5.698070909090909,2.0,1.0,0.5,0.0,108.0,9178774.0,84988.64814814815,0.0,0.07692307692307693,0.9818181818181818,85.00000000000001,79.65471145104698,1.67701977069705,50.60175019848822
9605,29,40,600000,14795400,24.659,3.0,0.6666666666666666,0.6666666666666666,0.0,37.0,13622500.0,368175.6756756757,0.0,0.10344827586206896,0.925,73.33333333333334,100.0,2.7236781754160955,50.422804603499785
9519,27,220,3300000,131629139,39.88761787878788,1.0,1.0,0.0,0.0,219.0,131544139.0,600658.1689497717,0.0,0.037037037037037035,0.9954545454545455,70.0,100.0,6.039383843327062,50.41575353733082
8267,18,6,90000,2510000,27.88888888888889,3.0,0.6666666666666666,0.6666666666666666,0.0,3.0,1085000.0,361666.6666666667,0.0,0.16666666666666666,0.5,73.33333333333334,100.0,2.670664152200017,50.40159899421335
8811,26,18,360000,9362904,26.008066666666668,3.0,0.6666666666666666,0.6666666666666666,0.0,15.0,7186111.0,479074.06666666665,0.0,0.11538461538461539,0.8333333333333334,73.33333333333334,100.0,2.6198209007273854,50.381261693624296
7426,106,978,19580000,116891556,5.969946680286006,26.0,0.8461538461538461,0.11538461538461539,0.07692307692307693,952.0,111456611.0,117076.27205882352,0.0,0.24528301886792453,0.9734151329243353,64.23076923076923,100.0,10.797263401531243,50.01121305292019
6313,201,31,310000,13630734,43.97010967741935,1.0,1.0,0.0,0.0,30.0,13386882.0,446229.4,0.0,0.004975124378109453,0.967741935483871,70.0,100.0,4.4423574968942985,49.77694299875772
8589,35,1331,66650000,841455473,12.624988342085521,1164.0,0.7139175257731959,0.1323024054982818,0.018900343642611683,167.0,91485919.0,547819.874251497,0.0,33.25714285714286,0.12546957175056347,59.286941580756015,100.0,15.120715624127898,49.76306288195356
8248,22,1656,83400000,842860007,10.106235095923262,1456.0,0.665521978021978,0.1092032967032967,0.024725274725274724,200.0,76922510.0,384612.55,0.0,66.18181818181819,0.12077294685990338,56.05769230769231,100.0,18.289529035771025,49.73888853738533
8936,134,901,18020000,99521414,5.522830965593784,22.0,0.8636363636363636,0.09090909090909091,0.09090909090909091,879.0,96412047.0,109683.78498293515,0.0,0.16417910447761194,0.9755826859045506,64.0909090909091,100.0,9.948497358302074,49.61576257968447
8898,98,191,965000,106839142,110.71413678756477,170.0,0.6647058823529411,0.27647058823529413,0.0,21.0,12622447.0,601068.9047619047,0.0,1.7346938775510203,0.1099476439790576,61.52941176470588,100.0,12.384913903610558,49.56573026732657
7425,108,1064,21480000,108470208,5.049823463687151,76.0,0.8289473684210527,0.13157894736842105,0.02631578947368421,988.0,99711925.0,100923.00101214575,0.0,0.7037037037037037,0.9285714285714286,64.86842105263159,94.58901511626593,11.611969425721576,49.50995921459445
7625,67,9,225000,11421000,50.76,8.0,0.75,0.375,0.0,1.0,1019000.0,1019000.0,0.0,0.11940298507462686,0.1111111111111111,68.75,100.0,4.8492995186115255,49.43971980744461
8224,193,96,1330000,32687159,24.57681127819549,1.0,1.0,0.0,0.0,95.0,32219130.0,339148.7368421053,0.0,0.0051813471502590676,0.9895833333333334,70.0,100.0,3.3027181521908364,49.32108726087633
8929,105,111,2775000,179025720,64.51377297297297,55.0,0.8,0.2,0.0,56.0,94040415.0,1679293.125,0.0,0.5238095238095238,0.5045045045045045,66.0,100.0,7.209275349501357,49.28371013980055
9985,22,5,50000,226000,4.52,1.0,1.0,1.0,0.0,4.0,194000.0,48500.0,0.0,0.045454545454545456,0.8,100.0,45.45611195793513,0.4662516307494342,49.277723043886795
8533,70,100,1080000,23301752,21.575696296296297,2.0,1.0,0.0,0.0,98.0,23225703.0,236996.9693877551,0.0,0.02857142857142857,0.98,70.0,100.0,3.062876478164936,49.22515059126597
9738,53,194,2985000,29990165,10.046956448911223,1.0,1.0,0.0,0.0,193.0,29796991.0,154388.55440414508,0.0,0.018867924528301886,0.9948453608247423,70.0,100.0,2.9654390678763844,49.186175627150554
9578,29,10,200000,5832500,29.1625,2.0,1.0,0.0,0.0,8.0,3903300.0,487912.5,0.0,0.06896551724137931,0.8,70.0,100.0,2.832145369472817,49.13285814778913
7432,78,204,4080000,29863150,7.3193995098039215,1.0,1.0,0.0,0.0,203.0,29454150.0,145094.33497536945,0.0,0.01282051282051282,0.9950980392156863,70.0,100.0,2.8141464881536136,49.12565859526145
8257,1,2,10000,325772,32.5772,1.0,1.0,1.0,0.0,1.0,42118.0,42118.0,0.0,1.0,0.5,100.0,39.47464996792395,3.0689043794970763,49.12249174538362
8938,129,889,26730000,115258128,4.311938945005612,10.0,0.9,0.0,0.1,879.0,113908999.0,129589.30489192264,0.0,0.07751937984496124,0.9887514060742407,63.0,100.0,9.709082082796131,49.08363283311846
8587,23,18,360000,5381000,14.947222222222223,9.0,0.8888888888888888,0.2222222222222222,0.0,9.0,2634000.0,292666.6666666667,0.0,0.391304347826087,0.5,71.1111111111111,100.0,1.5813987945934096,49.07700396228181
8947,65,3,600000,16086240,26.8104,1.0,1.0,0.0,0.0,2.0,12266000.0,6133000.0,0.0,0.015384615384615385,0.6666666666666666,70.0,100.0,2.537979325988761,49.01519173039551
7624,107,890,22350000,574632966,25.710647248322147,357.0,0.7366946778711485,0.13725490196078433,0.008403361344537815,533.0,344694633.0,646706.6285178236,0.0,3.336448598130841,0.5988764044943821,60.7843137254902,100.0,11.72852870192251,49.00513697096508
8384,55,27,810000,4832801,5.966420987654321,25.0,0.84,0.32,0.0,2.0,334500.0,167250.0,0.0,0.45454545454545453,0.07407407407407407,71.6,100.0,0.8325568760476191,48.97302275041905
9947,12,84,880000,14253386,16.197029545454544,1.0,1.0,0.0,0.0,83.0,14217686.0,171297.421686747,0.0,0.08333333333333333,0.9880952380952381,70.0,100.0,2.3902680472985227,48.956107218919406
8945,134,361,7220000,47577050,6.5896191135734075,35.0,0.9714285714285714,0.2857142857142857,0.02857142857142857,326.0,28767300.0,88243.25153374232,0.0,0.26119402985074625,0.9030470914127424,76.57142857142857,82.7050540463922,4.390645296579078,48.9258403564815
7431,83,583,5850000,109169153,18.661393675213674,25.0,0.84,0.08,0.0,558.0,102815627.0,184257.39605734768,0.0,0.30120481927710846,0.9571183533447685,64.4,100.0,7.850045001027513,48.90001800041101
10142,48,111,1680000,18618472,11.08242380952381,1.0,1.0,0.0,0.0,110.0,18383970.0,167127.0,0.0,0.020833333333333332,0.990990990990991,70.0,100.0,2.192995226354256,48.877198090541704
8507,51,122,11820000,113190500,9.576184433164128,1.0,1.0,0.0,0.0,121.0,112970500.0,933640.4958677687,0.0,0.0196078431372549,0.9918032786885246,70.0,100.0,2.1668410423352236,48.86673641693409
6317,33,108,4730000,52110979,11.017120295983087,1.0,1.0,0.0,0.0,107.0,51930979.0,485336.2523364486,0.0,0.030303030303030304,0.9907407407407407,70.0,100.0,2.155430993932892,48.862172397573154
7427,97,310,6200000,395420781,63.77754532258064,48.0,0.7708333333333334,0.14583333333333334,0.0,262.0,304554251.0,1162420.8053435115,0.0,0.4948453608247423,0.8451612903225807,62.916666666666664,100.0,9.225235930039402,48.856761038682436
10610,10,34,850000,14019009,16.492951764705882,1.0,1.0,0.0,0.0,33.0,13601166.0,412156.54545454547,0.0,0.1,0.9705882352941176,70.0,100.0,1.8941606740889974,48.7576642696356
7066,69,2,20000,386500,19.325,1.0,1.0,0.0,0.0,1.0,327500.0,327500.0,0.0,0.014492753623188406,0.5,70.0,100.0,1.824751864376892,48.729900745750754
8935,135,1134,22720000,106097814,4.66979815140845,43.0,0.8604651162790697,0.13953488372093023,0.06976744186046512,1091.0,101690968.0,93208.95325389551,1.0,0.31851851851851853,0.9620811287477954,65.81395348837209,87.35910545548488,12.309736714048904,48.72129717206538
9749,41,45,450000,6323610,14.052466666666668,1.0,1.0,0.0,0.0,44.0,6218035.0,141318.97727272726,0.0,0.024390243902439025,0.9777777777777777,70.0,100.0,1.7802969652840526,48.71211878611362
9499,20,7,70000,1238892,17.698457142857144,1.0,1.0,0.0,0.0,6.0,1059227.0,176537.83333333334,0.0,0.05,0.8571428571428571,70.0,100.0,1.7244365404152726,48.68977461616611
7444,37,5,100000,1568000,15.68,1.0,1.0,0.0,0.0,4.0,1288000.0,322000.0,0.0,0.02702702702702703,0.8,70.0,100.0,1.513982729641788,48.60559309185672
7437,46,5,750000,11492000,15.322666666666667,1.0,1.0,0.0,0.0,4.0,9660760.0,2415190.0,0.0,0.021739130434782608,0.8,70.0,100.0,1.4804353061647093,48.592174122465885
9061,57,98,3835181,16465453,4.293266210903735,1.0,1.0,0.0,0.0,97.0,16386453.0,168932.50515463916,3.0,0.017543859649122806,0.9897959183673469,70.0,100.0,1.4193994465540152,48.56775977862161
9909,2,2,60000,895000,14.916666666666666,1.0,1.0,0.0,0.0,1.0,518000.0,518000.0,0.0,0.5,0.5,70.0,100.0,1.410885562619085,48.56435422504764
9416,1,5,100000,1401093,14.01093,2.0,1.0,0.0,0.0,3.0,837383.0,279127.6666666667,0.0,2.0,0.6,70.0,100.0,1.357285906592661,48.54291436263706
9651,98,578,14450000,90147705,6.238595501730104,166.0,0.9397590361445783,0.030120481927710843,0.16265060240963855,412.0,65712047.0,159495.25970873787,0.0,1.6938775510204083,0.71280276816609,64.63855421686748,100.0,6.631370045712101,48.50796970503183
7834,210,13,390000,4113200,10.546666666666667,1.0,1.0,0.0,0.0,12.0,3700300.0,308358.3333333333,0.0,0.004761904761904762,0.9230769230769231,70.0,100.0,1.1158737562728727,48.44634950250915
10198,5,2,30000,341000,11.366666666666667,1.0,1.0,0.0,0.0,1.0,174000.0,174000.0,0.0,0.2,0.5,70.0,100.0,1.0776019245305677,48.43104076981223
7059,40,3,450000,4912840,10.917422222222223,2.0,1.0,0.0,0.0,1.0,1619000.0,1619000.0,0.0,0.05,0.3333333333333333,70.0,100.0,1.0459034234992557,48.418361369399705
8504,50,80,13350000,22146724,1.6589306367041199,1.0,1.0,0.0,0.0,79.0,21492724.0,272059.7974683544,0.0,0.02,0.9875,70.0,100.0,0.983480703102348,48.39339228124094
8652,23,16,205000,1799290,8.777024390243902,1.0,1.0,0.0,0.0,15.0,1702290.0,113486.0,0.0,0.043478260869565216,0.9375,70.0,100.0,0.981168296138113,48.392467318455246
8208,4,2,30000,307320,10.244,1.0,1.0,0.0,0.0,1.0,157320.0,157320.0,0.0,0.25,0.5,70.0,100.0,0.9722029298749687,48.38888117194999
8724,21,24,480000,3603416,7.507116666666667,1.0,1.0,0.0,0.0,23.0,3382615.0,147070.21739130435,0.0,0.047619047619047616,0.9583333333333334,70.0,100.0,0.9457682080378911,48.37830728321516
8949,12,2,60000,592500,9.875,1.0,1.0,0.0,0.0,1.0,232500.0,232500.0,0.0,0.08333333333333333,0.5,70.0,100.0,0.9375602080567538,48.375024083222705
10356,11,18,360000,2579255,7.1645972222222225,1.0,1.0,0.0,0.0,17.0,2541263.0,149486.0588235294,0.0,0.09090909090909091,0.9444444444444444,70.0,100.0,0.8507448301205508,48.34029793204822
8957,121,11,330000,1553297,4.706960606060606,2.0,1.0,0.0,0.0,9.0,1244297.0,138255.22222222222,0.0,0.01652892561983471,0.8181818181818182,70.0,100.0,0.5466707225841295,48.21866828903365
8726,12,11,550000,2066700,3.7576363636363634,2.0,1.0,0.0,0.0,9.0,1464700.0,162744.44444444444,0.0,0.16666666666666666,0.8181818181818182,70.0,100.0,0.4575455853332064,48.183018234133286
7980,10,13,1230000,1735400,1.4108943089430894,3.0,1.0,0.0,0.0,10.0,1397400.0,139740.0,0.0,0.3,0.7692307692307693,70.0,100.0,0.25818264412340003,48.10327305764936
10163,3,2,2000,1065159,532.5795,0.0,0.0,0.0,0.0,2.0,1065159.0,532579.5,0.0,0.0,1.0,20.0,100.0,50.010477786997484,48.004191114799
8830,1,1,50000,10640000,212.8,1.0,1.0,1.0,0.0,0.0,,,0.0,1.0,0.0,100.0,0.0,19.97823235310974,47.9912929412439
10071,27,313,6880000,50034780,7.272497093023256,253.0,0.7905138339920948,0.22134387351778656,0.015810276679841896,60.0,15209154.0,253485.9,9.0,9.37037037037037,0.19169329073482427,65.8498023715415,100.0,3.951821954887005,47.920649730571405
10488,42,92,540000,63991620,118.503,4.0,0.75,0.0,0.0,88.0,63941620.0,726609.3181818182,0.0,0.09523809523809523,0.9565217391304348,57.49999999999999,100.0,12.078852606358254,47.8315410425433
7428,101,865,25950000,123959806,4.7768711368015415,12.0,0.75,0.08333333333333333,0.0,853.0,118890806.0,139379.6084407972,0.0,0.1188118811881188,0.9861271676300578,60.00000000000001,100.0,9.501264289038948,47.80050571561558
7819,210,310,6200000,71167089,11.478562741935484,4.0,0.75,0.25,0.0,306.0,70638993.0,230846.38235294117,0.0,0.01904761904761905,0.9870967741935484,65.0,100.0,4.315265456009703,47.72610618240388
9269,28,17,255000,6697000,26.262745098039215,5.0,0.8,0.2,0.0,12.0,4859000.0,404916.6666666667,0.0,0.17857142857142858,0.7058823529411765,66.0,100.0,2.6332530162136325,47.453301206485456
7441,79,66,1340000,24447529,18.244424626865673,5.0,0.8,0.2,0.0,61.0,21798639.0,357354.737704918,0.0,0.06329113924050633,0.9242424242424242,66.0,100.0,2.3938828884813597,47.35755315539255
7450,84,9,270000,897000,3.3222222222222224,1.0,1.0,0.0,0.0,8.0,815000.0,101875.0,0.0,0.011904761904761904,0.8888888888888888,70.0,95.4812660972091,0.3957121494249307,47.25453807921179
9283,31,25,500000,18470227,36.940454,7.0,0.7142857142857143,0.2857142857142857,0.0,18.0,12009264.0,667181.3333333334,0.0,0.22580645161290322,0.72,64.28571428571428,100.0,3.719527614154585,47.202096759947544
9142,69,49,735000,57696380,78.4984761904762,2.0,0.5,0.5,0.0,47.0,49378380.0,1050603.829787234,0.0,0.028985507246376812,0.9591836734693877,60.00000000000001,100.0,7.872574455729085,47.149029782291635
7880,39,125,6250000,170604820,27.2967712,42.0,0.8333333333333334,0.07142857142857142,0.0,83.0,84756255.0,1021159.6987951808,0.0,1.0769230769230769,0.664,63.8095238095238,100.0,3.861931199866866,47.06858200375626
10348,53,10,456000,1648000,3.6140350877192984,7.0,0.8571428571428571,0.14285714285714285,0.0,3.0,854000.0,284666.6666666667,1.0,0.1320754716981132,0.3,67.14285714285715,100.0,0.43358612058781615,47.03057730537799
10249,61,1803,90150000,1034381753,11.474007243483083,1471.0,0.5200543847722637,0.06934058463630184,0.024473147518694765,332.0,83507728.0,251529.3012048193,0.0,24.114754098360656,0.1841375485302274,47.593473827328346,100.0,19.958173900853634,47.02065909127279
8941,135,542,5440000,108264759,19.90161011029412,9.0,0.6666666666666666,0.2222222222222222,0.0,533.0,104632836.0,196309.2607879925,0.0,0.06666666666666667,0.9833948339483395,60.0,100.0,7.536890616338143,47.014756246535256
6589,186,262,2070000,28390000,13.714975845410628,3.0,0.6666666666666666,0.3333333333333333,0.0,259.0,28065000.0,108359.07335907336,0.0,0.016129032258064516,0.9885496183206107,63.33333333333333,100.0,4.0222922095383185,46.942250217148654
7049,106,317,6340000,52384338,8.262513880126184,62.0,0.7258064516129032,0.22580645161290322,0.0,255.0,44969854.0,176352.36862745098,0.0,0.5849056603773585,0.804416403785489,63.064516129032256,100.0,4.086678567076227,46.8604778784434
9579,28,29,580000,21308243,36.73835,6.0,0.6666666666666666,0.3333333333333333,0.0,23.0,15206976.0,661172.8695652174,0.0,0.21428571428571427,0.7931034482758621,63.33333333333333,100.0,3.742464690296875,46.83031920945208
10494,13,6,120000,1286000,10.716666666666667,5.0,0.8,0.2,0.0,1.0,170000.0,170000.0,0.0,0.38461538461538464,0.16666666666666666,66.0,100.0,1.058489308175591,46.823395723270245
8501,67,501,45525000,373375955,8.201558594179023,31.0,1.0,0.0,0.45161290322580644,470.0,359224701.0,764307.8744680851,0.0,0.4626865671641791,0.93812375249501,60.967741935483865,100.0,6.008868744151675,46.79064427185422
6307,1,1,20000,9991000,499.55,0.0,0.0,0.0,0.0,1.0,9991000.0,9991000.0,0.0,0.0,1.0,20.0,100.0,46.89910086631606,46.759640346526425
10413,8,11,440000,2803500,6.3715909090909095,10.0,0.8,0.2,0.0,1.0,159500.0,159500.0,0.0,1.25,0.09090909090909091,66.0,100.0,0.7029507348281665,46.68118029393127
9019,16,32,2240000,30123730,13.44809375,26.0,0.8461538461538461,0.11538461538461539,0.038461538461538464,6.0,3976388.0,662731.3333333334,0.0,1.625,0.1875,65.0,100.0,1.5873455628346755,46.63493822513387
10433,6,69,1420000,19362045,13.63524295774648,47.0,0.7872340425531915,0.1702127659574468,0.0,22.0,5734155.0,260643.4090909091,0.0,7.833333333333333,0.3188405797101449,64.46808510638297,100.0,1.9925937609399726,46.58427154692918
8466,8,6,175000,387500,2.2142857142857144,2.0,1.0,0.5,0.0,4.0,264500.0,66125.0,0.0,0.25,0.6666666666666666,85.00000000000001,61.97495676739094,0.2602627007885378,46.49909643379361
10057,9,6,90000,188000,2.088888888888889,1.0,1.0,1.0,0.0,5.0,164000.0,32800.0,0.0,0.1111111111111111,0.8333333333333334,100.0,30.74145303546953,0.24849010637360688,46.24768664964335
7826,169,13,195000,1562374,8.01217435897436,3.0,0.6666666666666666,0.6666666666666666,0.0,10.0,880300.0,88030.0,0.0,0.01775147928994083,0.7692307692307693,73.33333333333334,82.5051863022068,0.8779287373953926,46.18554208873286
9387,34,565,28250000,356553638,12.62136771681416,488.0,0.6864754098360656,0.13729508196721313,0.004098360655737705,77.0,33100068.0,429871.012987013,0.0,14.352941176470589,0.13628318584070798,58.360655737704924,100.0,7.094390798012684,46.182018614287045
9768,27,10,150000,2574000,17.16,3.0,0.6666666666666666,0.3333333333333333,0.0,7.0,1084000.0,154857.14285714287,0.0,0.1111111111111111,0.7,63.33333333333333,100.0,1.7053180832312866,46.01546056662584
8931,128,58,590000,11784321,19.973425423728813,12.0,0.75,0.16666666666666666,0.0,46.0,9300757.0,202190.36956521738,0.0,0.09375,0.7931034482758621,62.5,100.0,2.472383880718473,45.98895355228739
8960,20,2,30000,135000,4.5,1.0,1.0,0.0,0.0,1.0,95000.0,95000.0,0.0,0.05,0.5,70.0,89.03774507224406,0.43294061517625165,45.980725260519314
9771,27,438,21900000,307538757,14.042865616438355,418.0,0.6961722488038278,0.14354066985645933,0.011961722488038277,20.0,9834718.0,491735.9,0.0,15.481481481481481,0.045662100456621,58.875598086124405,100.0,5.897165919528298,45.90910560226108
8697,12,17,170000,8040540,47.297294117647056,2.0,0.5,0.5,0.0,15.0,7565200.0,504346.6666666667,0.0,0.16666666666666666,0.8823529411764706,60.00000000000001,100.0,4.608033586018186,45.843213434407275
8464,29,17,340000,8731860,25.681941176470588,5.0,0.6,0.4,0.0,12.0,6049920.0,504160.0,0.0,0.1724137931034483,0.7058823529411765,62.0,100.0,2.578725567200542,45.83149022688021
10480,15,10,300000,1200000,4.0,8.0,0.875,0.0,0.0,2.0,490000.0,245000.0,0.0,0.5333333333333333,0.2,63.74999999999999,100.0,0.4698215544299085,45.68792862177197
7052,86,89,450000,43940194,97.64487555555556,63.0,0.5714285714285714,0.15873015873015872,0.0,26.0,9833160.0,378198.46153846156,0.0,0.7325581395348837,0.29213483146067415,53.333333333333336,100.0,10.089201893380645,45.369014090685596
8862,25,190,9500000,105317497,11.086052315789473,152.0,0.7171052631578947,0.14473684210526316,0.02631578947368421,38.0,20335951.0,535156.6052631579,0.0,6.08,0.2,59.671052631578945,100.0,3.0210810605914706,45.076853476868166
9039,71,44,2200000,5660475,2.572943181818182,15.0,0.8666666666666667,0.0,0.06666666666666667,29.0,3162467.0,109050.58620689655,0.0,0.2112676056338028,0.6590909090909091,62.0,100.0,0.6920903470510316,45.07683613882041
8217,30,6,105000,492300,4.688571428571429,4.0,1.0,0.0,0.0,2.0,180000.0,90000.0,0.0,0.13333333333333333,0.3333333333333333,70.0,84.3515479631786,0.4925553612188447,45.06733173712326
8939,81,41,1025000,60879460,59.39459512195122,9.0,0.6666666666666666,0.1111111111111111,0.0,32.0,47263995.0,1476999.84375,0.0,0.1111111111111111,0.7804878048780488,56.666666666666664,100.0,5.995227938116944,45.06475784191345
10434,13,8,240000,2160000,9.0,6.0,0.8333333333333334,0.0,0.0,2.0,540000.0,270000.0,1.0,0.46153846153846156,0.25,61.66666666666667,100.0,0.9182795550197403,45.03397848867457
7438,80,13,2600000,39109840,15.042246153846154,10.0,0.7,0.2,0.0,3.0,8091080.0,2697026.6666666665,0.0,0.125,0.23076923076923078,61.0,100.0,1.5379309638230958,45.01517238552925
7825,212,159,2400000,17404493,7.251872083333334,5.0,0.8,0.0,0.0,154.0,16848253.0,109404.24025974025,0.0,0.02358490566037736,0.9685534591194969,60.00000000000001,100.0,2.3363064109112788,44.934522564364514
9284,11,3,75000,282000,3.76,1.0,1.0,0.0,0.0,2.0,179000.0,89500.0,0.0,0.09090909090909091,0.6666666666666666,70.0,83.88292825227205,0.37394519320127684,44.92616372773492
9037,152,1079,107900000,421663935,3.9079141334569045,676.0,0.6272189349112426,0.051775147928994084,0.11538461538461539,403.0,114431538.0,283949.22580645164,0.0,4.447368421052632,0.37349397590361444,50.60650887573964,100.0,11.661930683938134,44.90737582387111
10360,14,13,210000,1164036,5.543028571428572,5.0,0.8,0.4,0.2,8.0,742962.0,92870.25,1.0,0.35714285714285715,0.6153846153846154,68.0,87.04165941363763,0.6461186272420973,44.866779333624365
9448,24,848,13800000,137811450,9.98633695652174,578.0,0.7941176470588235,0.2681660899653979,0.006920415224913495,270.0,20016974.0,74136.94074074074,5.0,24.083333333333332,0.31839622641509435,67.61245674740485,69.48406347484357,9.812220703103822,44.86668367517218
7050,105,133,2660000,30360252,11.413628571428571,32.0,0.71875,0.125,0.0,101.0,23138187.0,229090.9603960396,0.0,0.3047619047619048,0.7593984962406015,59.68750000000001,100.0,2.4546009446177486,44.8568403778471
10669,5,3,30000,62000,2.066666666666667,1.0,1.0,1.0,0.0,2.0,50000.0,25000.0,0.0,0.2,0.6666666666666666,100.0,23.43098554532739,0.2149704625449699,44.772185294083464
8301,191,157,3140000,102629745,32.684632165605095,7.0,0.5714285714285714,0.2857142857142857,0.0,150.0,89829445.0,598862.9666666667,8.0,0.03664921465968586,0.9554140127388535,57.14285714285714,100.0,4.703047402038962,44.73836181795845
8942,128,98,1000000,42792835,42.792835,75.0,0.64,0.16,0.0,23.0,10490011.0,456087.4347826087,0.0,0.5859375,0.23469387755102042,56.800000000000004,100.0,5.033843489052367,44.73353739562094
9000,1,1,10000,4451000,445.1,0.0,0.0,0.0,0.0,1.0,4451000.0,4451000.0,0.0,0.0,1.0,20.0,100.0,41.787187037042884,44.71487481481715
9017,27,483,24150000,306176257,12.678105879917185,420.0,0.65,0.10952380952380952,0.014285714285714285,63.0,23678565.0,375850.2380952381,0.0,15.555555555555555,0.13043478260869565,55.50000000000001,100.0,6.24053898931447,44.69621559572579
9386,33,289,14450000,170745856,11.816322214532873,244.0,0.6721311475409836,0.13524590163934427,0.004098360655737705,45.0,15095038.0,335445.2888888889,0.0,7.393939393939394,0.15570934256055363,57.58196721311475,100.0,4.126941703380104,44.68356356659794
9364,74,21,330000,1404000,4.254545454545455,3.0,1.0,0.3333333333333333,0.0,18.0,1191000.0,66166.66666666667,2.0,0.04054054054054054,0.8571428571428571,80.0,62.01400840996649,0.6089746307869713,44.64639153430809
7847,144,13,130000,1818700,13.99,4.0,1.0,0.0,0.0,9.0,768700.0,85411.11111111111,0.0,0.027777777777777776,0.6923076923076923,70.0,80.05066039419184,1.439143238099576,44.585789374078196
10359,5,2,60000,180130,3.0021666666666667,1.0,1.0,1.0,0.0,1.0,23000.0,23000.0,0.0,0.2,0.5,100.0,21.556506701701196,0.2923199552935517,44.42822932245765
9310,26,4,60000,437000,7.283333333333333,2.0,0.5,0.5,0.0,2.0,220000.0,110000.0,0.0,0.07692307692307693,0.5,60.00000000000001,100.0,0.7152030793157049,44.286081231726286
8612,56,105,4530000,197355950,43.566434878587195,51.0,0.6274509803921569,0.13725490196078433,0.0,54.0,98211982.0,1818740.4074074074,0.0,0.9107142857142857,0.5142857142857142,55.490196078431374,100.0,5.179815655582163,44.26800469360542
9291,7,4,60000,446323,7.438716666666667,1.0,1.0,0.0,0.0,3.0,252643.0,84214.33333333333,0.0,0.14285714285714285,0.75,70.0,78.92899308170863,0.7297908885077203,44.07771497174481
9274,25,10,150000,617000,4.113333333333333,3.0,1.0,0.3333333333333333,0.0,7.0,442000.0,63142.857142857145,0.0,0.12,0.7,80.0,59.17997492019832,0.4804615954580866,44.0281796222229
9773,27,140,9800000,103205963,10.531220714285714,129.0,0.6589147286821705,0.14728682170542637,0.0,11.0,5868889.0,533535.3636363636,0.0,4.777777777777778,0.07857142857142857,57.364341085271306,100.0,2.4451026089315326,43.923777477681135
8932,135,4773,48380000,88274166,1.824600372054568,3740.0,0.5828877005347594,0.034224598930481284,0.07620320855614973,1033.0,23102537.0,22364.508228460792,5.0,27.703703703703702,0.21642572805363502,48.64705882352941,20.96089876117681,50.171289047414604,43.71951890061297
9285,84,18,345000,1568950,4.54768115942029,7.0,0.7142857142857143,0.2857142857142857,0.0,11.0,1035800.0,94163.63636363637,0.0,0.08333333333333333,0.6111111111111112,64.28571428571428,88.25387210127312,0.6050616453366331,43.60708479267499
10398,8,57,855000,5400148,6.315962573099415,31.0,0.7419354838709677,0.2903225806451613,0.0,26.0,2331869.0,89687.26923076923,0.0,3.875,0.45614035087719296,65.80645161290323,84.0584443578416,1.1797064018196322,43.60615207745747
9770,29,198,9900000,117648403,11.883677070707071,181.0,0.6243093922651933,0.16022099447513813,0.011049723756906077,17.0,6602901.0,388405.9411764706,0.0,6.241379310344827,0.08585858585858586,55.80110497237569,100.0,3.1797865348289753,43.59235660288187
8273,26,7,140000,2085000,14.892857142857142,4.0,0.75,0.0,0.0,3.0,750000.0,250000.0,0.0,0.15384615384615385,0.42857142857142855,57.49999999999999,100.0,1.4610391953388935,43.58441567813556
9018,20,55,1650000,27361780,16.58289696969697,48.0,0.6666666666666666,0.10416666666666667,0.0,7.0,2056509.0,293787.0,0.0,2.4,0.12727272727272726,56.458333333333336,100.0,2.1226385030493473,43.43238873455307
6581,190,44,1050000,5317480,5.064266666666667,4.0,0.75,0.0,0.0,40.0,4650130.0,116253.25,0.0,0.021052631578947368,0.9090909090909091,57.49999999999999,100.0,0.9259825596385435,43.37039302385542
10195,33,287,14350000,146918127,10.23819700348432,265.0,0.6452830188679245,0.09056603773584905,0.03018867924528302,22.0,5070783.0,230490.13636363635,0.0,8.030303030303031,0.07665505226480836,54.37735849056604,100.0,3.9578274498459756,43.33407437616481
9649,28,40,800000,13245000,16.55625,5.0,0.6,0.2,0.0,35.0,11862000.0,338914.28571428574,0.0,0.17857142857142858,0.875,56.00000000000001,100.0,1.9629700068184233,43.18518800272737
8755,17,41,1020000,3257000,3.193137254901961,1.0,1.0,0.0,0.0,40.0,3177000.0,79425.0,0.0,0.058823529411764705,0.975609756097561,70.0,74.4402410775051,0.7188824891567416,43.175601211163716
8721,30,599,9375000,85260028,9.094402986666667,407.0,0.7641277641277642,0.19656019656019655,0.014742014742014743,192.0,15128768.0,78795.66666666667,0.0,13.566666666666666,0.32053422370617696,63.808353808353814,73.85040506804407,7.119514534704008,43.14122835083195
7436,71,8,800000,14074800,17.5935,5.0,0.6,0.2,0.0,3.0,7133640.0,2377880.0,0.0,0.07042253521126761,0.375,56.00000000000001,100.0,1.7250606659813392,43.09002426639254
8063,213,499,24950000,383974759,15.3897698997996,488.0,0.5676229508196722,0.09016393442622951,0.0020491803278688526,11.0,3907538.0,355230.7272727273,0.0,2.291079812206573,0.022044088176352707,51.045081967213115,100.0,6.6627619630073225,43.08313757208818
8653,29,62,1356000,4811909,3.5486054572271386,1.0,1.0,0.0,0.0,61.0,4735909.0,77637.85245901639,0.0,0.034482758620689655,0.9838709677419355,70.0,72.76525594949894,0.9722883379896753,42.94196652509566
10546,1,1,10000,3928000,392.8,0.0,0.0,0.0,0.0,1.0,3928000.0,3928000.0,0.0,0.0,1.0,20.0,100.0,36.8771210449219,42.75084841796876
7430,78,123,2115000,12058956,5.7016340425531915,72.0,0.8055555555555556,0.19444444444444445,0.013888888888888888,51.0,4257816.0,83486.58823529411,0.0,0.9230769230769231,0.4146341463414634,65.83333333333334,78.24692168679503,1.8135655195279679,42.708143878503535
10686,16,2,20000,7803000,390.15,0.0,0.0,0.0,0.0,2.0,7803000.0,3901500.0,0.0,0.0,1.0,20.0,100.0,36.63880963738381,42.65552385495352
9488,1,1,10000,3856000,385.6,0.0,0.0,0.0,0.0,1.0,3856000.0,3856000.0,0.0,0.0,1.0,20.0,100.0,36.20116549724941,42.48046619889976
5489,154,7,105000,490000,4.666666666666667,1.0,1.0,0.0,0.0,6.0,455000.0,75833.33333333333,1.0,0.006493506493506494,0.8571428571428571,70.0,71.07398948749307,0.5009766697921576,42.41518856541548
8808,31,37,555000,12588000,22.681081081081082,3.0,0.6666666666666666,0.0,0.0,34.0,11506700.0,338432.35294117645,0.0,0.0967741935483871,0.918918918918919,53.333333333333336,100.0,2.5065524160740016,42.33595429976294
9828,41,16,130000,1194700,9.19,1.0,1.0,0.0,0.0,15.0,1094700.0,72980.0,0.0,0.024390243902439025,0.9375,70.0,68.3997330039197,1.0199395675920104,42.08792242782075
8908,104,7,140000,3722000,26.585714285714285,4.0,0.5,0.25,0.0,3.0,2037000.0,679000.0,0.0,0.038461538461538464,0.42857142857142855,52.5,100.0,2.558796369485581,42.02351854779423
7053,75,19,285000,2475000,8.68421052631579,13.0,0.6923076923076923,0.15384615384615385,0.15384615384615385,6.0,610000.0,101666.66666666667,0.0,0.17333333333333334,0.3157894736842105,56.15384615384615,95.28600788433138,1.0038880398812153,41.92029525435723
7820,208,237,4740000,20858173,4.400458438818565,4.0,1.0,0.0,0.5,233.0,20605263.0,88434.60515021459,0.0,0.019230769230769232,0.9831223628691983,60.0,82.88439819925651,2.8858753496322933,41.731229779704215
10194,31,36,1800000,13352318,7.417954444444445,32.0,0.65625,0.03125,0.03125,4.0,1412549.0,353137.25,0.0,1.032258064516129,0.1111111111111111,53.125,100.0,1.0631308616406605,41.675252344656265
8495,30,15,225000,2390200,10.623111111111111,11.0,0.5454545454545454,0.18181818181818182,0.0,4.0,1081500.0,270375.0,0.0,0.36666666666666664,0.26666666666666666,52.727272727272734,100.0,1.1440061424432346,41.548511547886385
8943,130,132,5280000,20908237,3.959893371212121,20.0,0.55,0.1,0.0,112.0,17443693.0,155747.25892857142,0.0,0.15384615384615385,0.8484848484848485,50.500000000000014,100.0,1.7443462603780509,40.89773850415122
9170,18,128,2115000,20392258,9.641729550827423,110.0,0.6636363636363637,0.2909090909090909,0.0,18.0,1445300.0,80294.44444444444,0.0,6.111111111111111,0.140625,61.909090909090914,75.25511868591482,2.235861318481651,40.70900462821199
10215,13,3,30000,10145000,338.1666666666667,0.0,0.0,0.0,0.0,3.0,10145000.0,3381666.6666666665,0.0,0.0,1.0,20.0,100.0,31.76895095875646,40.70758038350259
8851,24,37,333000,7068711,21.22736036036036,29.0,0.5862068965517241,0.0,0.0,8.0,1292443.0,161555.375,0.0,1.2083333333333333,0.21621621621621623,49.310344827586206,100.0,2.3700731680271105,40.672167198245326
10511,7,16,160000,2418469,15.11543125,1.0,1.0,0.0,1.0,15.0,2261075.0,150738.33333333334,0.0,0.14285714285714285,0.9375,50.0,100.0,1.5762351406183182,40.63049405624733
6306,186,84,2110000,14748291,6.989711374407583,2.0,1.0,0.0,1.0,82.0,14528291.0,177174.28048780488,0.0,0.010752688172043012,0.9761904761904762,50.0,100.0,1.5258600199506218,40.610344007980245
8409,27,667,17550000,92231474,5.255354643874644,451.0,0.7915742793791575,0.2039911308203991,0.022172949002217297,216.0,13246669.0,61327.1712962963,0.0,16.703703703703702,0.3238380809595202,65.25498891352551,57.47824256717341,7.4715837756538335,40.58627758910642
9963,7,1,40000,611600,15.29,1.0,1.0,1.0,0.0,0.0,,,0.0,0.14285714285714285,0.0,100.0,0.0,1.435457322444072,40.57418292897763
10196,20,8,240000,3270813,13.6283875,5.0,0.6,0.0,0.0,3.0,1754975.0,584991.6666666666,0.0,0.25,0.375,50.0,100.0,1.352805139381267,40.54112205575251
7054,79,68,1020000,14522450,14.237696078431373,60.0,0.5666666666666667,0.03333333333333333,0.016666666666666666,8.0,1031000.0,128875.0,0.0,0.759493670886076,0.11764705882352941,49.0,100.0,2.038675908451325,40.41547036338053
7433,83,140,4200000,16249232,3.868864761904762,51.0,0.6666666666666666,0.09803921568627451,0.0,89.0,8109602.0,91119.12359550562,0.0,0.6144578313253012,0.6357142857142857,56.27450980392157,85.40043471476767,1.8196225441286553,40.317739882173626
9632,27,239,12669127,168693942,13.315356456684032,211.0,0.4976303317535545,0.06635071090047394,0.0,28.0,15046416.0,537372.0,0.0,7.814814814814815,0.11715481171548117,46.872037914691944,100.0,3.7437857532748287,40.24632946718671
9320,1,1,15000,90000,6.0,1.0,1.0,1.0,0.0,0.0,,,0.0,1.0,0.0,100.0,0.0,0.5632869005166556,40.225314760206665
7991,11,31,2350000,3917278,1.6669268085106383,1.0,1.0,0.0,1.0,30.0,3822200.0,127406.66666666667,0.0,0.09090909090909091,0.967741935483871,50.0,100.0,0.4708198379439454,40.188327935177576
8069,22,74,3700000,28230280,7.629805405405405,68.0,0.5735294117647058,0.029411764705882353,0.029411764705882353,6.0,1410267.0,235044.5,0.0,3.090909090909091,0.08108108108108109,48.97058823529412,100.0,1.4811759144932342,40.18070565991495
9987,1,1,20000,94998,4.7499,1.0,1.0,1.0,0.0,0.0,,,0.0,1.0,0.0,100.0,0.0,0.4459241185520202,40.17836964742081
7069,40,4,60000,315000,5.25,1.0,1.0,0.0,0.0,3.0,190000.0,63333.333333333336,0.0,0.025,0.75,70.0,59.35849671482938,0.5243082255748639,40.08142263319582
10712,1,1,5000,7000,1.4,1.0,1.0,1.0,0.0,0.0,,,0.0,1.0,0.0,100.0,0.0,0.1314264117259003,40.05257056469036
7429,63,5,125000,6719500,53.756,2.0,0.5,0.0,0.0,3.0,4576000.0,1525333.3333333333,0.0,0.031746031746031744,0.6,45.0,100.0,5.088660984249788,40.03546439369992
6580,201,417,4340000,24029670,5.536790322580645,50.0,0.98,0.0,0.08,367.0,21651670.0,58996.376021798365,0.0,0.24875621890547264,0.8800959232613909,67.4,55.29372935173827,4.878558948414791,39.97016944971357
9185,14,5,75000,290790,3.8772,2.0,1.0,0.0,0.0,3.0,184500.0,61500.0,0.0,0.14285714285714285,0.6,70.0,57.640224441505374,0.405903821576674,39.690406416931744
7075,38,5,100000,640000,6.4,3.0,0.6666666666666666,0.0,0.0,2.0,193000.0,96500.0,0.0,0.07894736842105263,0.4,53.333333333333336,90.44360420496372,0.6427511348639168,39.67915462827165
9345,34,19,760000,3113800,4.097105263157895,7.0,0.5714285714285714,0.0,0.0,12.0,1903000.0,158583.33333333334,2.0,0.20588235294117646,0.631578947368421,48.57142857142857,100.0,0.573238143993821,39.65786668616896
9395,8,50,780000,4343775,5.568942307692308,18.0,0.7777777777777778,0.2222222222222222,0.0,32.0,2214130.0,69191.5625,0.0,2.25,0.64,65.55555555555556,64.84906003184466,1.036229601537624,39.606526069206204
9537,18,123,141090,5313680,37.661634417747536,26.0,0.8846153846153846,0.23076923076923078,0.11538461538461539,97.0,5235312.0,53972.28865979381,0.0,1.4444444444444444,0.7886178861788617,68.84615384615384,50.58495661743464,4.814057124698436,39.581075711827836
10185,18,32,640000,5318200,8.3096875,13.0,0.46153846153846156,0.15384615384615385,0.0,19.0,3475400.0,182915.7894736842,1.0,0.7222222222222222,0.59375,47.69230769230769,100.0,1.1049380335454424,39.518898290341255
9445,14,9,90000,148000,1.6444444444444444,7.0,1.0,0.7142857142857143,0.0,2.0,30000.0,15000.0,0.0,0.5,0.2222222222222222,91.42857142857143,14.058591327196432,0.238197816556805,39.47842596349059
10552,15,6,80000,525000,6.5625,2.0,0.5,0.5,0.0,4.0,321000.0,80250.0,0.0,0.13333333333333333,0.6666666666666666,60.00000000000001,75.2134636005009,0.6684848631353891,39.31008666535434
7623,109,1338,13560000,83128466,6.13041784660767,809.0,0.7639060568603214,0.13226205191594562,0.04573547589616811,529.0,25125515.0,47496.24763705104,0.0,7.422018348623853,0.3953662182361734,61.24845488257108,44.515355673641324,14.584332223188518,39.23618597703211
9646,26,102,5565249,72642824,13.052933300917893,50.0,0.48,0.06,0.0,52.0,42886124.0,824733.1538461539,1.0,1.9230769230769231,0.5098039215686274,45.800000000000004,100.0,2.2836919234276905,39.23347676937108
9264,1,1,1000,299000,299.0,0.0,0.0,0.0,0.0,1.0,299000.0,299000.0,0.0,0.0,1.0,20.0,100.0,28.070922382188673,39.22836895287547
10290,45,49,790000,4353000,5.510126582278481,12.0,0.75,0.0,0.0,37.0,3106000.0,83945.94594594595,0.0,0.26666666666666666,0.7551020408163265,57.49999999999999,78.67744984193175,1.0202300344623907,39.143581982171305
8584,7,83,2075000,17984996,8.667467951807229,67.0,0.47761194029850745,0.07462686567164178,0.0,16.0,2960818.0,185051.125,0.0,9.571428571428571,0.1927710843373494,46.11940298507463,100.0,1.6728945753783264,39.11691902418118
9964,28,27,540000,25469916,47.16651111111111,10.0,0.4,0.1,0.0,17.0,11271171.0,663010.0588235294,1.0,0.35714285714285715,0.6296296296296297,43.00000000000001,100.0,4.700533193208319,39.08021327728333
8276,7,8,160000,4384169,27.40105625,2.0,0.5,0.0,0.0,6.0,2395469.0,399244.8333333333,0.0,0.2857142857142857,0.75,45.0,100.0,2.6458206738004324,39.058328269520175
9006,8,8,800000,13774450,17.2180625,7.0,0.42857142857142855,0.14285714285714285,0.0,1.0,2400000.0,2400000.0,0.0,0.875,0.125,45.714285714285715,100.0,1.6898135741856046,38.961639715388536
10493,31,39,780000,16312000,20.912820512820513,2.0,0.5,0.0,0.0,37.0,15688000.0,424000.0,0.0,0.06451612903225806,0.9487179487179487,45.0,100.0,2.3614988873614196,38.94459955494457
9739,59,157,2430000,14123427,5.81210987654321,3.0,0.6666666666666666,0.0,0.0,154.0,13737173.0,89202.42207792208,0.0,0.05084745762711865,0.9808917197452229,53.333333333333336,83.60402649263939,2.1801820518661947,38.92621145260769
9806,2,2,20000,5810000,290.5,0.0,0.0,0.0,0.0,2.0,5810000.0,2905000.0,0.0,0.0,1.0,20.0,100.0,27.283397092166684,38.91335883686668
9827,25,19,380000,3870300,10.185,5.0,0.4,0.2,0.0,14.0,3066300.0,219021.42857142858,0.0,0.2,0.7368421052631579,46.0,100.0,1.1447862302458423,38.857914492098345
8500,70,830,45770000,49723259,1.086372274415556,196.0,0.8520408163265306,0.01020408163265306,0.2653061224489796,634.0,41237959.0,65044.099369085176,0.0,2.8,0.763855421686747,57.60204081632653,60.96189408503492,8.788067688103869,38.74842221877915
8915,62,5,150000,2830000,18.866666666666667,2.0,0.5,0.0,0.0,3.0,1477000.0,492333.3333333333,0.0,0.03225806451612903,0.6,45.0,100.0,1.8131556479635003,38.7252622591854
7062,46,5,100000,1836000,18.36,2.0,0.5,0.0,0.0,3.0,1060000.0,353333.3333333333,0.0,0.043478260869565216,0.6,45.0,100.0,1.7655884057198805,38.706235362287956
8918,9,3,60000,647200,10.786666666666667,2.0,0.5,0.0,0.0,1.0,188000.0,188000.0,0.0,0.2222222222222222,0.3333333333333333,45.0,100.0,1.0336277369483147,38.413451094779326
7421,106,2860,28750000,101485986,3.529947339130435,1356.0,0.7131268436578171,0.05235988200589971,0.13495575221238937,1504.0,35349910.0,23503.929521276597,0.0,12.79245283018868,0.5258741258741259,54.52802359882006,22.02880931485702,30.287384944843588,38.33192528043686
9538,18,279,1430000,32024143,22.394505594405594,32.0,0.6875,0.21875,0.0,247.0,15599621.0,63156.36032388664,0.0,1.7777777777777777,0.8853046594982079,60.9375,59.19263063377904,5.015272407455611,38.219635089738055
8940,128,45,500000,4075870,8.15174,26.0,0.6538461538461539,0.23076923076923078,0.0,19.0,1393480.0,73341.05263157895,0.0,0.203125,0.4222222222222222,59.61538461538463,68.73812576358486,1.2263207256128978,38.08430728911598
10072,23,126,1320000,7002903,5.305229545454545,84.0,0.75,0.20238095238095238,0.011904761904761904,42.0,2675123.0,63693.40476190476,0.0,3.652173913043478,0.3333333333333333,63.33333333333333,59.69596985235508,1.8077833503942615,37.995640643962055
8899,119,20,200000,6028234,30.14117,14.0,0.2857142857142857,0.21428571428571427,0.0,6.0,1905000.0,317500.0,0.0,0.11764705882352941,0.3,40.714285714285715,100.0,3.0288034370309904,37.49723566052669
8927,135,1385,7025000,57531100,8.189480427046263,771.0,0.767833981841764,0.12710765239948119,0.02464332036316472,614.0,21684229.0,35316.3338762215,3.0,5.711111111111111,0.4433212996389892,61.71206225680934,33.09986034270808,15.270098601795446,37.412836411983534
8888,30,21,315000,4991950,15.847460317460317,17.0,0.35294117647058826,0.11764705882352941,0.0,4.0,1007700.0,251925.0,0.0,0.5666666666666667,0.19047619047619047,41.1764705882353,100.0,1.6973489523539331,37.14952781623569
8872,6,6,240000,393000,1.6375,2.0,0.5,0.5,0.0,4.0,277000.0,69250.0,0.0,0.3333333333333333,0.6666666666666666,60.00000000000001,64.90382996055686,0.2061124919844175,37.06321098890514
8585,145,24,405000,6184241,15.26973086419753,12.0,0.4166666666666667,0.0,0.0,12.0,3775231.0,314602.5833333333,0.0,0.08275862068965517,0.5,40.833333333333336,100.0,1.674543504046529,37.003150734951944
10158,21,6,60000,14323500,238.725,0.0,0.0,0.0,0.0,6.0,14323500.0,2387250.0,0.0,0.0,1.0,20.0,100.0,22.464530673762283,36.98581226950491
9670,28,10,50000,11865080,237.3016,0.0,0.0,0.0,0.0,10.0,11865080.0,1186508.0,0.0,0.0,1.0,20.0,100.0,22.37280916566149,36.9491236662646
5479,1,1,20000,4730000,236.5,0.0,0.0,0.0,0.0,1.0,4730000.0,4730000.0,0.0,0.0,1.0,20.0,100.0,22.203252697531674,36.88130107901267
8292,15,7,140000,789000,5.635714285714286,4.0,0.75,0.0,0.0,3.0,216000.0,72000.0,0.0,0.26666666666666666,0.42857142857142855,57.49999999999999,67.48123837054287,0.5919534911885538,36.733029070583996
9354,131,168,3123083,18642329,5.969207030360704,114.0,0.5526315789473685,0.05263157894736842,0.017543859649122806,54.0,4685351.0,86765.75925925926,0.0,0.8702290076335878,0.32142857142857145,48.85964912280702,81.32029004132238,2.3101864171832123,36.73199222426057
9350,25,9,135000,1960500,14.522222222222222,5.0,0.4,0.0,0.0,4.0,1101000.0,275250.0,0.0,0.2,0.4444444444444444,40.0,100.0,1.4471985569154653,36.578879422766185
9752,7,4,40000,9053326,226.33315,0.0,0.0,0.0,0.0,4.0,9053326.0,2263331.5,0.0,0.0,1.0,20.0,100.0,21.280194578270482,36.51207783130819
9631,41,9,110000,617000,5.609090909090909,3.0,0.6666666666666666,0.0,0.0,6.0,478000.0,79666.66666666667,0.0,0.07317073170731707,0.6666666666666666,53.333333333333336,74.66674060444328,0.6104095904926229,36.51084529041904
10113,6,2,20000,4315000,215.75,0.0,0.0,0.0,0.0,2.0,4315000.0,2157500.0,0.0,0.0,1.0,20.0,100.0,20.265664149316915,36.106265659726766
9756,2,3,42750,42750,1.0,3.0,1.0,0.6666666666666666,0.0,0.0,,,0.0,1.5,0.0,89.99999999999999,0.0,0.11482889992682373,36.045931559970725
9967,25,18,270000,2822800,10.454814814814815,8.0,0.375,0.0,0.0,10.0,1838200.0,183820.0,0.0,0.32,0.5555555555555556,38.75,100.0,1.159639390504242,35.963855756201696
9671,27,18,90000,18877400,209.7488888888889,0.0,0.0,0.0,0.0,18.0,18877400.0,1048744.4444444445,0.0,0.0,1.0,20.0,100.0,19.86990813892394,35.947963255569576
7559,1,3,30000,30000,1.0,2.0,1.0,0.5,0.0,1.0,10000.0,10000.0,0.0,2.0,0.3333333333333333,85.00000000000001,9.372394218130955,0.11482889992682373,35.92041040359693
9470,3,10,90000,410000,4.555555555555555,1.0,1.0,0.0,0.0,9.0,369000.0,41000.0,0.0,0.3333333333333333,0.9,70.0,38.426816294336916,0.5219786182935263,35.89415470618479
7422,109,2309,11605000,36527919,3.1476018095648426,536.0,0.7649253731343284,0.03731343283582089,0.15671641791044777,1773.0,33187919.0,18718.51043429216,0.0,4.91743119266055,0.7678648765699437,56.23134328358209,17.543725896638378,24.478228621135624,35.79257394121476
9307,12,170,885000,6077219,6.8669141242937854,1.0,1.0,0.0,0.0,169.0,6072219.0,35930.2899408284,0.0,0.08333333333333333,0.9941176470588236,70.0,33.675284169718886,2.4154211705783033,35.701225302175104
7824,203,10,220000,445000,2.022727272727273,3.0,1.0,0.0,0.0,7.0,282000.0,40285.71428571428,0.0,0.014778325123152709,0.7,70.0,37.75735956447042,0.2841898225880325,35.6651478419293
10404,4,21,525000,4246090,8.087790476190476,11.0,0.36363636363636365,0.0,0.0,10.0,1838090.0,183809.0,0.0,2.75,0.47619047619047616,38.18181818181819,100.0,0.968850080504873,35.66026730492922
9982,13,338,1700000,10823974,6.367043529411765,1.0,1.0,0.0,0.0,337.0,10778974.0,31985.086053412462,0.0,0.07692307692307693,0.9970414201183432,70.0,29.9776835593424,4.128760193354022,35.64704078921009
9189,25,13,195000,4530300,23.232307692307693,3.0,0.3333333333333333,0.0,0.0,10.0,3334800.0,333480.0,0.0,0.12,0.7692307692307693,36.66666666666667,100.0,2.3068361766983925,35.58940113734603
8279,83,248,3915000,9416009,2.4051108556832697,12.0,0.8333333333333334,0.25,0.0,236.0,8554536.0,36248.03389830508,0.0,0.14457831325301204,0.9516129032258065,69.16666666666667,33.97308633270894,2.813802359254633,35.586804876910314
8356,58,3,30000,204000,6.8,2.0,1.0,0.0,0.0,1.0,39000.0,39000.0,0.0,0.034482758620689655,0.3333333333333333,70.0,36.55233745071072,0.6593486466629934,35.574206948807344
9702,67,199,10802726,29894272,2.7672896637385787,47.0,0.2978723404255319,0.0425531914893617,0.0,152.0,23021272.0,151455.73684210525,11.0,0.7014925373134329,0.7638190954773869,36.170212765957444,100.0,2.334393121577013,35.401842355013784
9689,48,24,435000,2010750,4.622413793103449,9.0,0.7777777777777778,0.0,0.0,15.0,925750.0,61716.666666666664,0.0,0.1875,0.625,58.88888888888889,57.843292982898205,0.6749444704306937,35.39419194030747
10632,29,198,9900000,88702203,8.959818484848485,181.0,0.30386740331491713,0.022099447513812154,0.016574585635359115,17.0,5215439.0,306790.5294117647,0.0,6.241379310344827,0.08585858585858586,35.52486187845304,100.0,2.9052867526455106,35.372059452439416
9929,36,88,2640000,23138911,8.764739015151514,3.0,0.3333333333333333,0.0,0.0,85.0,19535517.0,229829.61176470589,0.0,0.08333333333333333,0.9659090909090909,36.66666666666667,100.0,1.7344155823484209,35.36043289960604
7060,26,4,800000,14308480,17.8856,3.0,0.3333333333333333,0.0,0.0,1.0,2416240.0,2416240.0,0.0,0.11538461538461539,0.25,36.66666666666667,100.0,1.710572658654096,35.35089573012831
9169,33,726,7280000,33914773,4.658622664835165,491.0,0.5987780040733197,0.09979633401221996,0.054989816700611,235.0,14131189.0,60132.71914893617,0.0,14.878787878787879,0.3236914600550964,51.83299389002036,56.3587549271982,8.033750395751909,35.21844869974855
10677,17,17,485000,1885000,3.88659793814433,13.0,0.8461538461538461,0.15384615384615385,0.0,4.0,175000.0,43750.0,1.0,0.7647058823529411,0.23529411764705882,66.92307692307693,41.00422470432293,0.5325195706210074,35.18308353834376
9897,28,56,3479000,5142000,1.4780109226789306,12.0,0.5,0.0,0.16666666666666666,44.0,4224000.0,96000.0,5.0,0.42857142857142855,0.7857142857142857,41.66666666666667,89.97498449405717,0.7150285789681308,34.947674997065356
9153,77,150,6000000,9650150,1.6083583333333333,149.0,0.8120805369127517,0.026845637583892617,0.087248322147651,1.0,55000.0,55000.0,0.0,1.9350649350649352,0.006666666666666667,59.664429530201346,51.54816819972026,1.7121779343558827,34.86027662576694
10033,12,92,460000,74077026,161.03701304347825,0.0,0.0,0.0,0.0,92.0,74077026.0,805185.0652173914,0.0,0.0,1.0,20.0,100.0,16.07206122879062,34.42882449151625
7077,81,7,140000,860000,6.142857142857143,2.0,0.5,0.0,0.0,5.0,430000.0,86000.0,0.0,0.024691358024691357,0.7142857142857143,45.0,80.60259027592622,0.6395654394869134,34.37634423098001
8801,2,42,630000,1371273,2.1766238095238095,2.0,1.0,0.0,0.0,40.0,1302273.0,32556.825,0.0,1.0,0.9523809523809523,70.0,30.51353983907013,0.6339272342082397,34.35627886149732
10465,46,122,630000,96096897,152.53475714285713,0.0,0.0,0.0,0.0,122.0,96096897.0,787679.4836065574,0.0,0.0,1.0,20.0,100.0,15.58817997434321,34.235271989737285
8828,3,3,3000,497000,165.66666666666666,0.0,0.0,0.0,0.0,3.0,497000.0,165666.66666666666,0.0,0.0,1.0,20.0,100.0,15.574182629103134,34.22967305164126
9248,46,6,60000,9783758,163.06263333333334,0.0,0.0,0.0,0.0,6.0,9783758.0,1630626.3333333333,0.0,0.0,1.0,20.0,100.0,15.361142271211847,34.14445690848474
10157,31,3,30000,4899479,163.31596666666667,0.0,0.0,0.0,0.0,3.0,4899479.0,1633159.6666666667,0.0,0.0,1.0,20.0,100.0,15.353492531059565,34.14139701242382
8386,30,2704,24570000,39131236,1.592642897842898,1944.0,0.5977366255144033,0.04835390946502058,0.1522633744855967,760.0,13778454.0,18129.544736842105,0.0,64.8,0.28106508875739644,48.29218106995885,16.991724026892545,28.470970757949278,34.103605536541764
8625,6,7,7000,173000,24.714285714285715,1.0,1.0,0.0,0.0,6.0,164000.0,27333.333333333332,0.0,0.16666666666666666,0.8571428571428571,70.0,25.61787752955794,2.3831015743564223,34.076816135654155
9753,17,3,30000,4776000,159.2,0.0,0.0,0.0,0.0,3.0,4776000.0,1592000.0,0.0,0.0,1.0,20.0,100.0,14.967074405730624,33.98682976229225
8951,122,39,780000,1500000,1.9230769230769231,5.0,0.8,0.2,0.0,34.0,1306000.0,38411.76470588235,0.0,0.040983606557377046,0.8717948717948718,66.0,36.00102014376184,0.5786902028662504,33.831680109898876
9311,26,28,280000,1790000,6.392857142857143,3.0,0.6666666666666666,0.0,0.0,25.0,1618000.0,64720.0,0.0,0.11538461538461539,0.8928571428571429,53.333333333333336,60.65813537974354,0.8830696471441878,33.81818826813972
7048,102,103,540000,2932650,5.430833333333333,18.0,0.8888888888888888,0.1111111111111111,0.0,85.0,2717490.0,31970.470588235294,0.0,0.17647058823529413,0.8252427184466019,67.77777777777779,29.96398536921022,1.5785862719075179,33.73534269371616
10567,9,73,365000,52593335,144.0913287671233,0.0,0.0,0.0,0.0,73.0,52593335.0,720456.6438356164,0.0,0.0,1.0,20.0,100.0,14.28207642742851,33.712830570971406
10489,38,28,320000,47237838,147.61824375,0.0,0.0,0.0,0.0,28.0,47237838.0,1687065.642857143,0.0,0.0,1.0,20.0,100.0,14.141692362323338,33.65667694492934
10187,43,4,180000,243000,1.35,2.0,1.0,0.0,0.5,2.0,102000.0,51000.0,0.0,0.046511627906976744,0.5,60.0,47.79921051246787,0.15816563725226707,33.623108357394486
10636,27,59,1475000,14825274,10.051033220338983,44.0,0.25,0.0,0.0,15.0,3875424.0,258361.6,1.0,1.6296296296296295,0.2542372881355932,32.5,100.0,1.5513205489121173,33.62052821956485
9585,27,17,340000,47734044,140.39424705882354,0.0,0.0,0.0,0.0,17.0,47734044.0,2807884.9411764704,1.0,0.0,1.0,20.0,100.0,13.348228282128277,33.33929131285131
8952,121,26,520000,978000,1.8807692307692307,5.0,1.0,0.0,0.2,21.0,757000.0,36047.619047619046,0.0,0.04132231404958678,0.8076923076923077,66.0,33.785249633929205,0.4385070096612107,33.33245273065033
8513,44,28,275000,710940,2.5852363636363638,2.0,1.0,0.0,0.0,26.0,699240.0,26893.846153846152,0.0,0.045454545454545456,0.9285714285714286,70.0,25.20597281956111,0.5255998708737263,33.25143451226171
9108,1,1,5000,692073,138.4146,0.0,0.0,0.0,0.0,1.0,692073.0,692073.0,0.0,0.0,1.0,20.0,100.0,12.994729048132381,33.19789161925296
7447,66,7,140000,364400,2.6028571428571428,2.0,1.0,0.0,0.5,5.0,241000.0,48200.0,0.0,0.030303030303030304,0.7142857142857143,60.0,45.1749401313912,0.30722062854794085,33.15787627769742
10092,17,3,30000,4013000,133.76666666666668,0.0,0.0,0.0,0.0,3.0,4013000.0,1337666.6666666667,0.0,0.0,1.0,20.0,100.0,12.579324022054204,33.03172960882168
9818,69,266,1530000,158330839,103.48420849673202,0.0,0.0,0.0,0.0,266.0,158330839.0,595228.7180451128,2.0,0.0,1.0,20.0,100.0,12.491982638593054,32.99679305543722
9566,30,581,5830000,387031043,66.38611372212694,0.0,0.0,0.0,0.0,581.0,387031043.0,666146.373493976,0.0,0.0,1.0,20.0,100.0,12.309615715293026,32.92384628611721
8993,29,43,660000,2472000,3.7454545454545456,10.0,0.7,0.1,0.0,33.0,1648000.0,49939.393939393936,0.0,0.3448275862068966,0.7674418604651163,58.00000000000001,46.80516870145397,0.7916911100928663,32.877710184327945
9317,27,27,540000,661974,1.2258777777777778,2.0,1.0,0.0,0.0,25.0,620973.0,24838.92,0.0,0.07407407407407407,0.9259259259259259,70.0,23.280015019261732,0.3875018091452321,32.81100372751044
10637,25,143,5912818,19378000,3.2772867353603647,44.0,0.20454545454545456,0.0,0.0,99.0,13615000.0,137525.25252525252,9.0,1.76,0.6923076923076923,30.22727272727273,100.0,1.795516954163327,32.809115872574424
9341,5,5,50000,119800,2.396,1.0,1.0,0.0,0.0,4.0,99800.0,24950.0,0.0,0.2,0.8,70.0,23.38412357423673,0.2668447441860507,32.78356261252177
9614,6,2,40000,56998,1.42495,1.0,1.0,0.0,0.0,1.0,24999.0,24999.0,0.0,0.16666666666666666,0.5,70.0,23.430048305905572,0.1442465725553795,32.743708290203266
10425,15,30,1775000,2435000,1.371830985915493,14.0,0.2857142857142857,0.0,0.0,16.0,1609000.0,100562.5,1.0,0.9333333333333333,0.5333333333333333,34.285714285714285,94.25113935607942,0.43263765385561403,32.737568647043844
8448,1,2,10000,1244200,124.42,0.0,0.0,0.0,0.0,2.0,1244200.0,622100.0,0.0,0.0,1.0,20.0,100.0,11.691355792521332,32.67654231700853
9968,20,436,4360000,328127021,75.25849105504587,0.0,0.0,0.0,0.0,436.0,328127021.0,752584.9105504587,0.0,0.0,1.0,20.0,100.0,11.623299459160533,32.64931978366421
10096,13,15,150000,18304500,122.03,0.0,0.0,0.0,0.0,15.0,18304500.0,1220300.0,0.0,0.0,1.0,20.0,100.0,11.603187335967782,32.64127493438711
8964,54,8,240000,675000,2.8125,5.0,0.4,0.0,0.0,3.0,263000.0,87666.66666666667,0.0,0.09259259259259259,0.375,40.0,82.16465597894805,0.3373802562386973,32.56788329828508
10625,11,48,980000,3099057,3.16230306122449,1.0,1.0,0.0,1.0,47.0,3069057.0,65299.085106382976,0.0,0.09090909090909091,0.9791666666666666,50.0,61.2008767700305,0.789332200980416,32.55590823439827
6311,91,427,7140000,18149698,2.5419745098039215,3.0,1.0,0.0,0.6666666666666666,424.0,18034698.0,42534.66509433962,0.0,0.03296703296703297,0.9929742388758782,56.666666666666664,39.86516492003253,4.70217538003625,32.520569802687675
8696,29,570,5750000,25082947,4.362251652173913,367.0,0.6294277929155313,0.08174386920980926,0.03814713896457766,203.0,9384861.0,46230.84236453202,0.0,12.655172413793103,0.356140350877193,53.16076294277929,43.32936796766636,6.3713914941966525,32.478735368323655
10126,1,1,10000,1190000,119.0,0.0,0.0,0.0,0.0,1.0,1190000.0,1190000.0,0.0,0.0,1.0,20.0,100.0,11.172033690376512,32.46881347615061
10399,29,11,249000,451000,1.8112449799196788,9.0,0.6666666666666666,0.1111111111111111,0.1111111111111111,2.0,112000.0,56000.0,0.0,0.3103448275862069,0.18181818181818182,54.44444444444444,52.48540762153334,0.27481307786581466,32.38478453323078
9242,2,2,40000,46000,1.15,1.0,1.0,0.0,0.0,1.0,23000.0,23000.0,0.0,0.5,0.5,70.0,21.556506701701196,0.11843352007863642,32.35867474837169
8599,18,477,4770000,294232235,61.68390670859539,0.0,0.0,0.0,0.0,477.0,294232235.0,616839.0670859539,0.0,0.0,1.0,20.0,100.0,10.77846989708267,32.311387958833066
9293,16,3,30000,3428766,114.2922,0.0,0.0,0.0,0.0,3.0,3428766.0,1142922.0,0.0,0.0,1.0,20.0,100.0,10.751008219096388,32.30040328763855
9533,78,478,4880000,289151331,59.252321926229506,0.0,0.0,0.0,0.0,478.0,289151331.0,604919.1025104603,16.0,0.0,1.0,20.0,100.0,10.56066390316345,32.22426556126538
8723,25,9,250000,545000,2.18,6.0,0.6666666666666666,0.0,0.3333333333333333,3.0,215000.0,71666.66666666667,0.0,0.24,0.3333333333333333,46.666666666666664,67.1688252299385,0.28847722612133253,32.2158226031029
10703,18,45,225000,22369652,99.42067555555556,0.0,0.0,0.0,0.0,45.0,22369652.0,497103.3777777778,0.0,0.0,1.0,20.0,100.0,9.794896186576848,31.91795847463074
10048,3,3,90000,110000,1.2222222222222223,2.0,1.0,0.0,0.0,1.0,20000.0,20000.0,0.0,0.6666666666666666,0.3333333333333333,70.0,18.74478843626191,0.13569172547227087,31.80323437744129
9652,16,12,120000,11772941,98.10784166666667,0.0,0.0,0.0,0.0,12.0,11772941.0,981078.4166666666,0.0,0.0,1.0,20.0,100.0,9.325876802788652,31.73035072111546
8498,18,15,300000,28943402,96.47800666666667,0.0,0.0,0.0,0.0,15.0,28943402.0,1929560.1333333333,0.0,0.0,1.0,20.0,100.0,9.204296829334858,31.681718731733945
9390,25,16,320000,30741206,96.06626875,0.0,0.0,0.0,0.0,16.0,30741206.0,1921325.375,0.0,0.0,1.0,20.0,100.0,9.176119542959839,31.670447817183934
10464,17,246,2460000,172334704,70.05475772357724,0.0,0.0,0.0,0.0,246.0,172334704.0,700547.5772357724,0.0,0.0,1.0,20.0,100.0,9.14397929874379,31.657591719497518
10259,34,38,260984,23927380,91.68140575667474,0.0,0.0,0.0,0.0,38.0,23927380.0,629667.8947368421,1.0,0.0,1.0,20.0,100.0,8.994968016452907,31.597987206581163
8729,9,15,450000,726000,1.6133333333333333,5.0,0.8,0.0,0.2,10.0,483000.0,48300.0,0.0,0.5555555555555556,0.6666666666666666,56.00000000000001,45.26866407357251,0.29814374352862705,31.572990312125956
10568,4,2,40000,3784540,94.6135,0.0,0.0,0.0,0.0,2.0,3784540.0,1892270.0,0.0,0.0,1.0,20.0,100.0,8.89304064922967,31.55721625969187
10210,24,23,230000,20838798,90.6034695652174,0.0,0.0,0.0,0.0,23.0,20838798.0,906034.695652174,0.0,0.0,1.0,20.0,100.0,8.736601633880701,31.49464065355228
8202,127,2530,23157000,7953000,0.3434382692058557,1251.0,0.7474020783373302,0.016786570743405275,0.35411670663469225,1279.0,3738000.0,2922.5957779515247,0.0,9.850393700787402,0.5055335968379446,50.79136690647482,2.739171977120681,26.530557081981737,31.476603990806762
10532,26,141,2115000,2147240,1.0152434988179668,2.0,1.0,0.0,0.0,139.0,2111688.0,15192.0,0.0,0.07692307692307693,0.9858156028368794,70.0,14.238541296184545,1.5621946195895071,31.47258610707271
8695,30,488,4920000,18095435,3.677933943089431,194.0,0.7371134020618557,0.09278350515463918,0.15979381443298968,294.0,10462150.0,35585.54421768708,0.0,6.466666666666667,0.6024590163934426,56.44329896907217,33.352174887489376,5.447967348284493,31.426941504440542
10046,23,7,140000,12668584,90.48988571428572,0.0,0.0,0.0,0.0,7.0,12668584.0,1809797.7142857143,1.0,0.0,1.0,20.0,100.0,8.558293480118422,31.42331739204737
9627,52,83,1455000,5570000,3.8281786941580758,19.0,0.42105263157894735,0.15789473684210525,0.05263157894736842,64.0,4427000.0,69171.875,0.0,0.36538461538461536,0.7710843373493976,44.73684210526316,64.83060813072771,1.2185689614200188,31.348286052818814
8314,28,16,80000,6925080,86.5635,0.0,0.0,0.0,0.0,16.0,6925080.0,432817.5,0.0,0.0,1.0,20.0,100.0,8.283973813124945,31.313589525249977
10685,2,2,20000,1760000,88.0,0.0,0.0,0.0,0.0,2.0,1760000.0,880000.0,0.0,0.0,1.0,20.0,100.0,8.272147313878005,31.308858925551203
9938,25,4,120000,10271000,85.59166666666667,2.0,0.0,0.0,0.0,2.0,3115000.0,1557500.0,0.0,0.08,0.5,20.0,100.0,8.06700201621195,31.226800806484782
9353,12,26,260000,20854076,80.20798461538462,0.0,0.0,0.0,0.0,26.0,20854076.0,802079.8461538461,0.0,0.0,1.0,20.0,100.0,7.792078644795724,31.11683145791829
10146,38,11,165000,13464001,81.60000606060606,0.0,0.0,0.0,0.0,11.0,13464001.0,1224000.0909090908,0.0,0.0,1.0,20.0,100.0,7.765598590977556,31.10623943639102
9541,106,109,1277000,3000000,2.349256068911511,3.0,1.0,0.0,0.3333333333333333,106.0,2941000.0,27745.283018867925,0.0,0.02830188679245283,0.9724770642201835,63.33333333333333,26.003973014644473,1.352146154529684,31.0749863980741
7823,1,2,40000,3248220,81.2055,0.0,0.0,0.0,0.0,2.0,3248220.0,1624110.0,0.0,0.0,1.0,20.0,100.0,7.6342612071195735,31.05370448284783
9321,28,2,30000,34000,1.1333333333333333,1.0,1.0,0.0,0.0,1.0,16000.0,16000.0,0.0,0.03571428571428571,0.5,70.0,14.995830749009528,0.11686880816272789,31.045913673066995
8631,2,3,45000,3499754,77.77231111111111,0.0,0.0,0.0,0.0,3.0,3499754.0,1166584.6666666667,0.0,0.0,1.0,20.0,100.0,7.322421900370382,30.92896876014815
9288,119,55,1100000,78892000,71.72,0.0,0.0,0.0,0.0,55.0,78892000.0,1434400.0,1.0,0.0,1.0,20.0,100.0,7.299059430260847,30.919623772104337
8878,28,15,300000,22291085,74.30361666666667,0.0,0.0,0.0,0.0,15.0,22291085.0,1486072.3333333333,0.0,0.0,1.0,20.0,100.0,7.122504893674677,30.84900195746987
7874,43,2,30000,2270000,75.66666666666667,0.0,0.0,0.0,0.0,2.0,2270000.0,1135000.0,0.0,0.0,1.0,20.0,100.0,7.11426049610569,30.845704198442277
9742,38,15,255000,18792840,73.69741176470588,0.0,0.0,0.0,0.0,15.0,18792840.0,1252856.0,0.0,0.0,1.0,20.0,100.0,7.065592731659863,30.826237092663945
9487,30,18,270000,19516638,72.28384444444444,0.0,0.0,0.0,0.0,18.0,19516638.0,1084257.6666666667,0.0,0.0,1.0,20.0,100.0,6.964316555136837,30.785726622054735
9801,7,14,140000,10173632,72.6688,0.0,0.0,0.0,0.0,14.0,10173632.0,726688.0,0.0,0.0,1.0,20.0,100.0,6.958546079463759,30.783418431785503
10089,6,2,20000,1480000,74.0,0.0,0.0,0.0,0.0,2.0,1480000.0,740000.0,0.0,0.0,1.0,20.0,100.0,6.957789304514836,30.783115721805935
9136,33,209,3135000,158767187,50.64344082934609,0.0,0.0,0.0,0.0,209.0,158767187.0,759651.6124401914,0.0,0.0,1.0,20.0,100.0,6.933914045490512,30.773565618196205
7439,70,6,60000,341000,5.683333333333334,3.0,0.6666666666666666,0.0,0.0,3.0,145000.0,48333.333333333336,0.0,0.04285714285714286,0.5,53.333333333333336,45.29990538763295,0.585946309571214,30.62769293468841
9571,30,312,1590000,8558274,5.382562264150943,2.0,0.5,0.5,0.0,310.0,8418274.0,27155.72258064516,22.0,0.06666666666666667,0.9935897435897436,60.00000000000001,25.45141373040069,3.763911954974017,30.595847528069747
10527,12,5,75000,4925000,65.66666666666667,0.0,0.0,0.0,0.0,5.0,4925000.0,985000.0,0.0,0.0,1.0,20.0,100.0,6.206866707834662,30.482746683133865
10748,18,159,1590000,77049320,48.45869182389937,0.0,0.0,0.0,0.0,159.0,77049320.0,484586.91823899373,0.0,0.0,1.0,20.0,100.0,6.204914522796799,30.48196580911872
9900,24,83,830000,46784158,56.366455421686744,0.0,0.0,0.0,0.0,83.0,46784158.0,563664.5542168674,28.0,0.0,1.0,20.0,100.0,6.1510050196318655,30.460402007852746
10702,11,19,95000,5947756,62.60795789473684,0.0,0.0,0.0,0.0,19.0,5947756.0,313039.7894736842,0.0,0.0,1.0,20.0,100.0,6.066395843349806,30.426558337339923
10506,10,6,120000,7621871,63.515591666666666,0.0,0.0,0.0,0.0,6.0,7621871.0,1270311.8333333333,2.0,0.0,1.0,20.0,100.0,6.015395733855249,30.4061582935421
10569,7,2,60000,3817000,63.61666666666667,0.0,0.0,0.0,0.0,2.0,3817000.0,1908500.0,0.0,0.0,1.0,20.0,100.0,5.98297378090382,30.393189512361527
9516,23,33,330000,19606207,59.412748484848485,0.0,0.0,0.0,0.0,33.0,19606207.0,594127.4848484849,13.0,0.0,1.0,20.0,100.0,5.913109928380381,30.365243971352154
10542,15,10,100000,5918254,59.18254,0.0,0.0,0.0,0.0,10.0,5918254.0,591825.4,0.0,0.0,1.0,20.0,100.0,5.650508227715866,30.260203291086345
8387,37,157,159000,15103189,94.98861006289309,0.0,0.0,0.0,0.0,157.0,15103189.0,96198.65605095541,0.0,0.0,1.0,20.0,90.16117277639428,10.552313999502266,30.253160155079765
10296,26,73,730000,36813672,50.42968767123288,0.0,0.0,0.0,0.0,73.0,36813672.0,504296.87671232875,24.0,0.0,1.0,20.0,100.0,5.4888672742512234,30.19554690970049
9619,30,23,230000,12876879,55.98643043478261,0.0,0.0,0.0,0.0,23.0,12876879.0,559864.304347826,2.0,0.0,1.0,20.0,100.0,5.486660016628906,30.194664006651564
8999,29,12,180000,10120833,56.22685,0.0,0.0,0.0,0.0,12.0,10120833.0,843402.75,0.0,0.0,1.0,20.0,100.0,5.393975600134692,30.157590240053878
10697,1,1,10000,552400,55.24,0.0,0.0,0.0,0.0,1.0,552400.0,552400.0,0.0,0.0,1.0,20.0,100.0,5.186071784876827,30.07442871395073
10759,13,35,350000,1805872,5.159634285714286,1.0,1.0,0.0,1.0,34.0,1765872.0,51937.41176470588,0.0,0.07692307692307693,0.9714285714285714,50.0,48.6777897728216,0.8406358468112046,30.071812293288804
9200,63,2,100000,5500000,55.0,0.0,0.0,0.0,0.0,2.0,5500000.0,2750000.0,0.0,0.0,1.0,20.0,100.0,5.1740177203791085,30.069607088151642
8926,130,131,660000,2096000,3.175757575757576,34.0,0.8823529411764706,0.11764705882352941,0.029411764705882353,97.0,1335000.0,13762.886597938144,0.0,0.26153846153846155,0.7404580152671756,67.05882352941175,12.899119877530746,1.6602516759163979,30.06745405763741
10047,13,2,60000,3030000,50.5,0.0,0.0,0.0,0.0,2.0,3030000.0,1515000.0,2.0,0.0,1.0,20.0,100.0,4.751545503083805,29.90061820123352
10111,1,1,10000,490000,49.0,0.0,0.0,0.0,0.0,1.0,490000.0,490000.0,0.0,0.0,1.0,20.0,100.0,4.600243643560672,29.840097457424267
9939,1,1,20000,980000,49.0,0.0,0.0,0.0,0.0,1.0,980000.0,980000.0,0.0,0.0,1.0,20.0,100.0,4.600243643560672,29.840097457424267
10087,1,1,10000,490000,49.0,0.0,0.0,0.0,0.0,1.0,490000.0,490000.0,0.0,0.0,1.0,20.0,100.0,4.600243643560672,29.840097457424267
10651,28,123,1845000,65167225,35.320989159891596,0.0,0.0,0.0,0.0,123.0,65167225.0,529814.837398374,0.0,0.0,1.0,20.0,100.0,4.594310993145516,29.837724397258206
10285,29,122,1830000,63415718,34.65339781420765,0.0,0.0,0.0,0.0,122.0,63415718.0,519800.9672131148,0.0,0.0,1.0,20.0,100.0,4.521157918041207,29.808463167216484
8838,17,5,25000,1175000,47.0,0.0,0.0,0.0,0.0,5.0,1175000.0,235000.0,0.0,0.0,1.0,20.0,100.0,4.454389362017105,29.78175574480684
10735,19,20,100000,4507692,45.07692,0.0,0.0,0.0,0.0,20.0,4507692.0,225384.6,0.0,0.0,1.0,20.0,100.0,4.431012196912844,29.772404878765137
9295,19,3,30000,1399896,46.6632,0.0,0.0,0.0,0.0,3.0,1399896.0,466632.0,0.0,0.0,1.0,20.0,100.0,4.401814089437697,29.760725635775078
9748,46,78,780000,29859619,38.28156282051282,0.0,0.0,0.0,0.0,78.0,29859619.0,382815.6282051282,0.0,0.0,1.0,20.0,100.0,4.40075726711607,29.760302906846427
9743,7,3,45000,2088220,46.40488888888889,0.0,0.0,0.0,0.0,3.0,2088220.0,696073.3333333334,0.0,0.0,1.0,20.0,100.0,4.3775631410236695,29.751025256409466
9643,25,7,120000,395500,3.2958333333333334,2.0,0.5,0.0,0.0,5.0,308500.0,61700.0,0.0,0.08,0.7142857142857143,45.0,57.827672325867994,0.3722791147086807,29.71444611105707
8750,10,7,40000,1758397,43.959925,0.0,0.0,0.0,0.0,7.0,1758397.0,251199.57142857142,0.0,0.0,1.0,20.0,100.0,4.189934441534494,29.675973776613798
10653,28,77,780000,27946316,35.82861025641026,0.0,0.0,0.0,0.0,77.0,27946316.0,362939.16883116885,18.0,0.0,1.0,20.0,100.0,4.159989633652125,29.66399585346085
10479,43,81,810000,28511213,35.19902839506173,0.0,0.0,0.0,0.0,81.0,28511213.0,351990.2839506173,8.0,0.0,1.0,20.0,100.0,4.142793927588068,29.657117571035226
8222,53,4,70000,3058800,43.69714285714286,0.0,0.0,0.0,0.0,4.0,3058800.0,764700.0,0.0,0.0,1.0,20.0,100.0,4.133830379247409,29.653532151698965
9849,20,115,1725000,51991785,30.140165217391303,0.0,0.0,0.0,0.0,115.0,51991785.0,452102.47826086957,0.0,0.0,1.0,20.0,100.0,4.024098878991338,29.609639551596537
10681,17,8,80000,3308378,41.354725,0.0,0.0,0.0,0.0,8.0,3308378.0,413547.25,0.0,0.0,1.0,20.0,100.0,3.9558289796263644,29.582331591850547
9244,66,102,1020000,29290841,28.716510784313726,0.0,0.0,0.0,0.0,102.0,29290841.0,287165.10784313723,1.0,0.0,1.0,20.0,100.0,3.7542311034692544,29.501692441387704
9633,23,3,80000,3180400,39.755,0.0,0.0,0.0,0.0,3.0,3180400.0,1060133.3333333333,0.0,0.0,1.0,20.0,100.0,3.7532535179889366,29.501301407195577
10526,15,6,90000,452862,5.0318,3.0,1.0,0.0,0.6666666666666666,3.0,106013.0,35337.666666666664,0.0,0.2,0.5,56.666666666666664,33.11985427489056,0.5247785913545175,29.500548958186585
9167,34,694,6264000,12656346,2.0204894636015327,463.0,0.7408207343412527,0.06695464362850972,0.13822894168466524,231.0,4933706.0,21358.034632034633,0.0,13.617647058823529,0.33285302593659943,56.28509719222463,20.01759202959221,7.450786101484807,29.49787172340222
10152,46,120,1200000,31556047,26.296705833333334,0.0,0.0,0.0,0.0,120.0,31556047.0,262967.05833333335,0.0,0.0,1.0,20.0,100.0,3.7156534126553993,29.48626136506216
8064,189,28,560000,20370936,36.37667142857143,1.0,0.0,0.0,0.0,27.0,19816627.0,733949.1481481482,0.0,0.005291005291005291,0.9642857142857143,20.0,100.0,3.6980315369789274,29.47921261479157
8514,62,113,2180000,58448871,26.81140871559633,0.0,0.0,0.0,0.0,113.0,58448871.0,517246.6460176991,0.0,0.0,1.0,20.0,100.0,3.6906306069976127,29.476252242799045
10838,3,3,30000,1153068,38.4356,0.0,0.0,0.0,0.0,3.0,1153068.0,384356.0,0.0,0.0,1.0,20.0,100.0,3.6293846638779534,29.451753865551183
10840,1,1,20000,765000,38.25,0.0,0.0,0.0,0.0,1.0,765000.0,765000.0,0.0,0.0,1.0,20.0,100.0,3.5910044577996683,29.436401783119866
9449,7,5,100000,3705776,37.05776,0.0,0.0,0.0,0.0,5.0,3705776.0,741155.2,0.0,0.0,1.0,20.0,100.0,3.5209848780877575,29.4083939512351
10603,28,20,500000,17563985,35.12797,3.0,0.0,0.0,0.0,17.0,14578270.0,857545.2941176471,1.0,0.10714285714285714,0.85,20.0,100.0,3.4969777599661507,29.39879110398646
7822,199,56,1120000,34487104,30.792057142857143,0.0,0.0,0.0,0.0,56.0,34487104.0,615841.1428571428,0.0,0.0,1.0,20.0,100.0,3.467110824420512,29.386844329768206
10213,23,9,270000,9688720,35.88414814814815,0.0,0.0,0.0,0.0,9.0,9688720.0,1076524.4444444445,0.0,0.0,1.0,20.0,100.0,3.452714159498569,29.38108566379943
5505,1,1,50000,1812440,36.2488,0.0,0.0,0.0,0.0,1.0,1812440.0,1812440.0,0.0,0.0,1.0,20.0,100.0,3.403126368632699,29.36125054745308
8178,1,1,50000,1770000,35.4,0.0,0.0,0.0,0.0,1.0,1770000.0,1770000.0,0.0,0.0,1.0,20.0,100.0,3.3234387201793085,29.329375488071722
9517,25,16,320000,10623308,33.1978375,0.0,0.0,0.0,0.0,16.0,10623308.0,663956.75,8.0,0.0,1.0,20.0,100.0,3.2738605322787544,29.3095442129115
10501,1,1,20000,679000,33.95,0.0,0.0,0.0,0.0,1.0,679000.0,679000.0,0.0,0.0,1.0,20.0,100.0,3.1873087834952663,29.274923513398107
9426,15,3,60000,2011000,33.516666666666666,3.0,1.0,0.0,0.0,0.0,,,0.0,0.2,0.0,70.0,0.0,3.1675818478643722,29.267032739145748
9391,1,1,30000,1006000,33.53333333333333,0.0,0.0,0.0,0.0,1.0,1006000.0,1006000.0,0.0,0.0,1.0,20.0,100.0,3.148190985597553,29.25927639423902
9974,15,8,160000,532550,3.3284375,7.0,0.7142857142857143,0.2857142857142857,0.0,1.0,18000.0,18000.0,0.0,0.4666666666666667,0.125,64.28571428571428,16.870309592635717,0.3858178694855408,29.24267478060707
9097,113,232,18560000,337041160,18.15954525862069,232.0,0.9612068965517241,0.03017241379310345,0.0,0.0,,,0.0,2.0530973451327434,0.0,68.96551724137932,0.0,4.1252268401133385,29.236297632597065
9518,11,4,120000,3894865,32.457208333333334,0.0,0.0,0.0,0.0,4.0,3894865.0,973716.25,3.0,0.0,1.0,20.0,100.0,3.0785948102412215,29.23143792409649
10129,31,32,640000,18310285,28.6098203125,0.0,0.0,0.0,0.0,32.0,18310285.0,572196.40625,6.0,0.0,1.0,20.0,100.0,3.010769615920116,29.204307846368046
10736,11,7,35000,1098846,31.3956,0.0,0.0,0.0,0.0,7.0,1098846.0,156978.0,0.0,0.0,1.0,20.0,100.0,3.010361498963646,29.204144599585458
10656,24,25,625000,18351716,29.3627456,0.0,0.0,0.0,0.0,25.0,18351716.0,734068.64,9.0,0.0,1.0,20.0,100.0,3.008111776428974,29.20324471057159
9082,137,95,1900000,40944388,21.549677894736842,0.0,0.0,0.0,0.0,95.0,40944388.0,430993.5578947368,0.0,0.0,1.0,20.0,100.0,3.008044864530937,29.203217945812376
9069,78,5,50000,1558058,31.16116,0.0,0.0,0.0,0.0,5.0,1558058.0,311611.6,0.0,0.0,1.0,20.0,100.0,2.9673960610869816,29.186958424434792
10297,25,72,1440000,33939302,23.56895972222222,0.0,0.0,0.0,0.0,72.0,33939302.0,471379.19444444444,51.0,0.0,1.0,20.0,100.0,2.9566314216521983,29.182652568660878
8417,17,8,145000,583018,4.020813793103448,2.0,0.5,0.0,0.5,6.0,480000.0,80000.0,0.0,0.11764705882352941,0.75,35.0,74.97915374504764,0.45082003565223355,29.176158763270422
8415,17,2,40000,1242877,31.071925,0.0,0.0,0.0,0.0,2.0,1242877.0,621438.5,0.0,0.0,1.0,20.0,100.0,2.9275850757439232,29.17103403029757
10740,15,2,20000,620600,31.03,0.0,0.0,0.0,0.0,2.0,620600.0,310300.0,0.0,0.0,1.0,20.0,100.0,2.9236490429194557,29.16945961716778
9587,28,89,1780000,37875897,21.278593820224717,0.0,0.0,0.0,0.0,89.0,37875897.0,425571.8764044944,12.0,0.0,1.0,20.0,100.0,2.919728033086623,29.16789121323465
10733,10,7,50000,1498036,29.96072,0.0,0.0,0.0,0.0,7.0,1498036.0,214005.14285714287,0.0,0.0,1.0,20.0,100.0,2.8756510689297152,29.150260427571887
10153,43,9,45000,1333449,29.6322,0.0,0.0,0.0,0.0,9.0,1333449.0,148161.0,0.0,0.0,1.0,20.0,100.0,2.8657642935955874,29.146305717438235
9418,26,61,1220000,28955309,23.733859836065573,0.0,0.0,0.0,0.0,61.0,28955309.0,474677.1967213115,6.0,0.0,1.0,20.0,100.0,2.8568570340311155,29.142742813612447
10872,1,1,10000,304000,30.4,0.0,0.0,0.0,0.0,1.0,304000.0,304000.0,0.0,0.0,1.0,20.0,100.0,2.854025145406749,29.141610058162698
10536,26,188,3760000,8269093,2.1992268617021278,1.0,1.0,0.0,1.0,187.0,8239093.0,44059.32085561498,0.0,0.038461538461538464,0.9946808510638298,50.0,41.29413240419424,2.1658061854521584,29.12514895501971
8948,1,1,100000,2986000,29.86,0.0,0.0,0.0,0.0,1.0,2986000.0,2986000.0,0.0,0.0,1.0,20.0,100.0,2.803328479331312,29.121331391732525
5468,167,8,180000,5176265,28.75702777777778,0.0,0.0,0.0,0.0,8.0,5176265.0,647033.125,0.0,0.0,1.0,20.0,100.0,2.7731229622292277,29.10924918489169
9695,26,8,120000,3307124,27.559366666666666,0.0,0.0,0.0,0.0,8.0,3307124.0,413390.5,0.0,0.0,1.0,20.0,100.0,2.660683285522679,29.06427331420907
9966,26,10,200000,5389000,26.945,0.0,0.0,0.0,0.0,10.0,5389000.0,538900.0,1.0,0.0,1.0,20.0,100.0,2.6239604490611868,29.049584179624475
9152,39,25,520000,13047293,25.090948076923077,0.0,0.0,0.0,0.0,25.0,13047293.0,521891.72,0.0,0.0,1.0,20.0,100.0,2.6070638272265527,29.04282553089062
10738,10,4,40000,1071562,26.78905,0.0,0.0,0.0,0.0,4.0,1071562.0,267890.5,0.0,0.0,1.0,20.0,100.0,2.5464527171158458,29.01858108684634
10701,15,23,230000,5657012,24.595704347826086,0.0,0.0,0.0,0.0,23.0,5657012.0,245957.04347826086,0.0,0.0,1.0,20.0,100.0,2.5396134271920023,29.0158453708768
9081,140,159,3200000,29784544,9.30767,0.0,0.0,0.0,0.0,159.0,29784544.0,187324.17610062895,0.0,0.0,1.0,20.0,100.0,2.529310300725775,29.01172412029031
9901,27,42,840000,18746722,22.31752619047619,0.0,0.0,0.0,0.0,42.0,18746722.0,446350.5238095238,29.0,0.0,1.0,20.0,100.0,2.5248098313658445,29.00992393254634
9664,22,3,120000,3164000,26.366666666666667,2.0,0.0,0.0,0.0,1.0,1358000.0,1358000.0,0.0,0.09090909090909091,0.3333333333333333,20.0,100.0,2.496320435939612,28.998528174375846
9294,18,4,40000,1046859,26.171475,0.0,0.0,0.0,0.0,4.0,1046859.0,261714.75,0.0,0.0,1.0,20.0,100.0,2.4884730994278135,28.995389239771125
8391,1,1,15000,394455,26.297,0.0,0.0,0.0,0.0,1.0,394455.0,394455.0,0.0,0.0,1.0,20.0,100.0,2.4688243659483864,28.987529746379355
10135,29,14,280000,6950000,24.821428571428573,2.0,0.0,0.0,0.0,12.0,5022200.0,418516.6666666667,0.0,0.06896551724137931,0.8571428571428571,20.0,100.0,2.4665049463125257,28.98660197852501
8906,1,1,20000,520000,26.0,0.0,0.0,0.0,0.0,1.0,520000.0,520000.0,0.0,0.0,1.0,20.0,100.0,2.440941199606896,28.97637647984276
8677,32,11,165000,4061238,24.613563636363637,0.0,0.0,0.0,0.0,11.0,4061238.0,369203.45454545453,0.0,0.0,1.0,20.0,100.0,2.415556660590694,28.966222664236277
10436,46,12,180000,600500,3.3361111111111112,4.0,0.5,0.0,0.0,8.0,460500.0,57562.5,0.0,0.08695652173913043,0.6666666666666666,45.0,53.949844218116304,0.42844943729561347,28.96134861854151
10435,15,11,110000,2690000,24.454545454545453,0.0,0.0,0.0,0.0,11.0,2690000.0,244545.45454545456,0.0,0.0,1.0,20.0,100.0,2.400627601954473,28.960251040781788
10654,27,56,1120000,21651935,19.33208482142857,0.0,0.0,0.0,0.0,56.0,21651935.0,386641.6964285714,28.0,0.0,1.0,20.0,100.0,2.391217509581236,28.956487003832493
8707,18,3,15000,365000,24.333333333333332,0.0,0.0,0.0,0.0,3.0,365000.0,121666.66666666667,0.0,0.0,1.0,20.0,100.0,2.305425582198771,28.92217023287951
10657,13,8,280000,6604681,23.588146428571427,0.0,0.0,0.0,0.0,8.0,6604681.0,825585.125,3.0,0.0,1.0,20.0,100.0,2.2878543478879942,28.915141739155196
8909,1,1,20000,484500,24.225,1.0,1.0,0.0,0.0,0.0,,,0.0,1.0,0.0,70.0,0.0,2.2742993805626375,28.909719752225055
10147,20,6,90000,2130005,23.666722222222223,0.0,0.0,0.0,0.0,6.0,2130005.0,355000.8333333333,0.0,0.0,1.0,20.0,100.0,2.2742756825429082,28.909710273017165
10199,29,49,980000,18096000,18.46530612244898,4.0,0.0,0.0,0.0,45.0,16678000.0,370622.22222222225,0.0,0.13793103448275862,0.9183673469387755,20.0,100.0,2.2364974624167435,28.8945989849667
10544,20,14,140000,3117001,22.264292857142856,0.0,0.0,0.0,0.0,14.0,3117001.0,222642.92857142858,0.0,0.0,1.0,20.0,100.0,2.2264341029482373,28.890573641179294
10500,19,11,220000,4816600,21.893636363636364,0.0,0.0,0.0,0.0,11.0,4816600.0,437872.7272727273,0.0,0.0,1.0,20.0,100.0,2.1602025037482364,28.864081001499294
8575,31,9,135000,2973700,22.027407407407406,0.0,0.0,0.0,0.0,9.0,2973700.0,330411.1111111111,0.0,0.0,1.0,20.0,100.0,2.151805718337032,28.860722287334813
8097,55,121,3660000,34703016,9.481698360655738,0.0,0.0,0.0,0.0,121.0,34703016.0,286801.7851239669,0.0,0.0,1.0,20.0,100.0,2.147492646231383,28.85899705849255
10155,50,51,510000,8793622,17.242396078431373,0.0,0.0,0.0,0.0,51.0,8793622.0,172423.96078431373,0.0,0.0,1.0,20.0,100.0,2.1426429215219573,28.857057168608783
9415,18,2,38000,862000,22.68421052631579,0.0,0.0,0.0,0.0,2.0,862000.0,431000.0,0.0,0.0,1.0,20.0,100.0,2.140123668691194,28.856049467476478
9668,7,5,25000,555000,22.2,0.0,0.0,0.0,0.0,5.0,555000.0,111000.0,0.0,0.0,1.0,20.0,100.0,2.1260980311452067,28.85043921245808
10211,30,18,180000,3729284,20.718244444444444,0.0,0.0,0.0,0.0,18.0,3729284.0,207182.44444444444,0.0,0.0,1.0,20.0,100.0,2.1231980288784533,28.84927921155138
8256,9,2,30000,672000,22.4,0.0,0.0,0.0,0.0,2.0,672000.0,336000.0,0.0,0.0,1.0,20.0,100.0,2.1134412128620164,28.845376485144808
6265,24,2,150000,3360000,22.4,0.0,0.0,0.0,0.0,2.0,3360000.0,1680000.0,0.0,0.0,1.0,20.0,100.0,2.1134412128620164,28.845376485144808
7449,20,3,150000,3334667,22.231113333333333,0.0,0.0,0.0,0.0,3.0,3334667.0,1111555.6666666667,0.0,0.0,1.0,20.0,100.0,2.108063461167097,28.843225384466837
8361,13,2,30000,670000,22.333333333333332,0.0,0.0,0.0,0.0,2.0,670000.0,335000.0,0.0,0.0,1.0,20.0,100.0,2.1071823651983825,28.842872946079353
10134,1,1,15000,336000,22.4,0.0,0.0,0.0,0.0,1.0,336000.0,336000.0,0.0,0.0,1.0,20.0,100.0,2.1029634257706524,28.84118537030826
10130,27,24,720000,14196851,19.717848611111112,0.0,0.0,0.0,0.0,24.0,14196851.0,591535.4583333334,9.0,0.0,1.0,20.0,100.0,2.092144874564123,28.83685794982565
8595,27,33,660000,12336367,18.69146515151515,0.0,0.0,0.0,0.0,33.0,12336367.0,373829.30303030304,0.0,0.0,1.0,20.0,100.0,2.0900852926151265,28.83603411704605
10545,22,10,100000,2095500,20.955,0.0,0.0,0.0,0.0,10.0,2095500.0,209550.0,0.0,0.0,1.0,20.0,100.0,2.0616029864836594,28.824641194593465
8355,11,5,60000,1290497,21.508283333333335,0.0,0.0,0.0,0.0,5.0,1290497.0,258099.4,0.0,0.0,1.0,20.0,100.0,2.0611577924992552,28.824463116999702
10300,24,11,385000,7905728,20.534358441558442,0.0,0.0,0.0,0.0,11.0,7905728.0,718702.5454545454,9.0,0.0,1.0,20.0,100.0,2.0325898020458335,28.813035920818333
8678,37,4,60000,1278304,21.305066666666665,0.0,0.0,0.0,0.0,4.0,1278304.0,319576.0,0.0,0.0,1.0,20.0,100.0,2.031601473017218,28.812640589206886
10441,8,3,75000,1599900,21.332,0.0,0.0,0.0,0.0,3.0,1599900.0,533300.0,0.0,0.0,1.0,20.0,100.0,2.0236522603819624,28.809460904152786
7289,129,1370,1925780,3228303,1.6763612666036618,543.0,0.6519337016574586,0.143646408839779,0.055248618784530384,827.0,3002053.0,3630.0519951632405,6.0,4.209302325581396,0.6036496350364964,55.80110497237569,3.402227833098269,14.501462485820383,28.801472549898087
8648,2,2,40000,809680,20.242,0.0,0.0,0.0,0.0,2.0,809680.0,404840.0,0.0,0.0,1.0,20.0,100.0,1.9108423139901798,28.764336925596073
10845,1,1,10000,203000,20.3,0.0,0.0,0.0,0.0,1.0,203000.0,203000.0,0.0,0.0,1.0,20.0,100.0,1.9058097243661773,28.762323889746472
7446,6,2,60000,1193500,19.891666666666666,0.0,0.0,0.0,0.0,2.0,1193500.0,596750.0,0.0,0.0,1.0,20.0,100.0,1.8779520695177823,28.75118082780711
8323,63,157,9408272,24166000,2.568590704010258,0.0,0.0,0.0,0.0,157.0,24166000.0,153923.5668789809,0.0,0.0,1.0,20.0,100.0,1.8756716659417885,28.750268666376716
8963,21,2,100000,1963200,19.632,0.0,0.0,0.0,0.0,2.0,1963200.0,981600.0,0.0,0.0,1.0,20.0,100.0,1.8535738578679277,28.74142954314717
10756,13,29,435000,7227377,16.614659770114944,0.0,0.0,0.0,0.0,29.0,7227377.0,249219.89655172414,0.0,0.0,1.0,20.0,100.0,1.853198016611678,28.74127920664467
7876,135,7,280000,5334000,19.05,0.0,0.0,0.0,0.0,7.0,5334000.0,762000.0,0.0,0.0,1.0,20.0,100.0,1.8513230532212224,28.74052922128849
8944,104,8,240000,402000,1.675,6.0,0.6666666666666666,0.0,0.0,2.0,78000.0,39000.0,0.0,0.057692307692307696,0.25,53.333333333333336,36.55233745071072,0.2305886679779399,28.736036290666657
8910,1,1,20000,390000,19.5,1.0,1.0,0.0,0.0,0.0,,,0.0,1.0,0.0,70.0,0.0,1.8307035524025679,28.732281420961026
9417,29,4,40000,760000,19.0,0.0,0.0,0.0,0.0,4.0,760000.0,190000.0,0.0,0.0,1.0,20.0,100.0,1.8151955561994042,28.72607822247976
10299,25,25,625000,10362836,16.5805376,0.0,0.0,0.0,0.0,25.0,10362836.0,414513.44,15.0,0.0,1.0,20.0,100.0,1.8080833862756909,28.723233354510278
9314,7,2,200000,3792680,18.9634,0.0,0.0,0.0,0.0,2.0,3792680.0,1896340.0,0.0,0.0,1.0,20.0,100.0,1.7908038746493407,28.716321549859735
8914,1,1,30000,570000,19.0,0.0,0.0,0.0,0.0,1.0,570000.0,570000.0,0.0,0.0,1.0,20.0,100.0,1.7837621949253117,28.713504877970124
9666,10,6,70000,1286873,18.3839,0.0,0.0,0.0,0.0,6.0,1286873.0,214478.83333333334,0.0,0.0,1.0,20.0,100.0,1.7783099896986576,28.711323995879464
9001,25,8,80000,1441684,18.02105,0.0,0.0,0.0,0.0,8.0,1441684.0,180210.5,0.0,0.0,1.0,20.0,100.0,1.7652002207601412,28.706080088304056
10440,31,34,700000,10568900,15.098428571428572,1.0,0.0,0.0,0.0,33.0,10262000.0,310969.69696969696,0.0,0.03225806451612903,0.9705882352941176,20.0,100.0,1.7632390506370876,28.705295620254834
10683,13,4,40000,728000,18.2,0.0,0.0,0.0,0.0,4.0,728000.0,182000.0,0.0,0.0,1.0,20.0,100.0,1.7400893842357945,28.696035753694318
8385,145,12,330000,5696355,17.261681818181817,0.0,0.0,0.0,0.0,12.0,5696355.0,474696.25,1.0,0.0,1.0,20.0,100.0,1.735819822566435,28.694327929026574
9617,1,2,40000,734100,18.3525,0.0,0.0,0.0,0.0,2.0,734100.0,367050.0,0.0,0.0,1.0,20.0,100.0,1.7334509240836293,28.693380369633452
10682,14,6,60000,1070076,17.8346,0.0,0.0,0.0,0.0,6.0,1070076.0,178346.0,0.0,0.0,1.0,20.0,100.0,1.7267402143741437,28.690696085749657
9245,52,69,690000,7391952,10.712973913043479,0.0,0.0,0.0,0.0,69.0,7391952.0,107129.73913043478,0.0,0.0,1.0,20.0,100.0,1.718243209195727,28.68729728367829
10214,29,16,160000,2643501,16.52188125,0.0,0.0,0.0,0.0,16.0,2643501.0,165218.8125,0.0,0.0,1.0,20.0,100.0,1.7082764850660916,28.683310594026437
9912,6,8,240000,4165700,17.357083333333332,0.0,0.0,0.0,0.0,8.0,4165700.0,520712.5,0.0,0.0,1.0,20.0,100.0,1.702865227454177,28.68114609098167
8733,18,7,120000,2081979,17.349825,0.0,0.0,0.0,0.0,7.0,2081979.0,297425.5714285714,0.0,0.0,1.0,20.0,100.0,1.6917060083234348,28.676682403329373
10498,1,1,40000,715206,17.88015,1.0,1.0,0.0,0.0,0.0,,,0.0,1.0,0.0,70.0,0.0,1.6786276365835018,28.6714510546334
8518,47,16,220000,3518104,15.991381818181818,0.0,0.0,0.0,0.0,16.0,3518104.0,219881.5,0.0,0.0,1.0,20.0,100.0,1.6584717581251747,28.66338870325007
9002,15,2,20000,350000,17.5,0.0,0.0,0.0,0.0,2.0,350000.0,175000.0,0.0,0.0,1.0,20.0,100.0,1.653415909584908,28.661366363833963
10156,38,35,350000,4823736,13.782102857142856,0.0,0.0,0.0,0.0,35.0,4823736.0,137821.0285714286,0.0,0.0,1.0,20.0,100.0,1.6501366059068716,28.66005464236275
10543,20,16,160000,2536096,15.8506,0.0,0.0,0.0,0.0,16.0,2536096.0,158506.0,0.0,0.0,1.0,20.0,100.0,1.6452547788180332,28.658101911527215
7063,27,3,60000,1033600,17.226666666666667,0.0,0.0,0.0,0.0,3.0,1033600.0,344533.3333333333,0.0,0.0,1.0,20.0,100.0,1.638232421255372,28.65529296850215
8865,32,35,700000,9544496,13.634994285714285,0.0,0.0,0.0,0.0,35.0,9544496.0,272699.8857142857,0.0,0.0,1.0,20.0,100.0,1.6363256538280773,28.65453026153123
9272,94,4,100000,1695500,16.955,0.0,0.0,0.0,0.0,4.0,1695500.0,423875.0,0.0,0.0,1.0,20.0,100.0,1.623205404117427,28.649282161646973
10507,22,11,330000,5317340,16.113151515151515,0.0,0.0,0.0,0.0,11.0,5317340.0,483394.54545454547,5.0,0.0,1.0,20.0,100.0,1.6175148924190579,28.64700595696762
8177,1,1,100000,1720000,17.2,1.0,1.0,0.0,0.0,0.0,,,0.0,1.0,0.0,70.0,0.0,1.6147733080071902,28.645909323202876
8969,3,6,120000,1986000,16.55,0.0,0.0,0.0,0.0,6.0,1986000.0,331000.0,0.0,0.0,1.0,20.0,100.0,1.6061384787435782,28.642455391497432
9270,8,10,300000,4803000,16.01,0.0,0.0,0.0,0.0,10.0,4803000.0,480300.0,0.0,0.0,1.0,20.0,100.0,1.597352961033598,28.63894118441344
9249,49,50,1040000,11839394,11.384032692307692,0.0,0.0,0.0,0.0,50.0,11839394.0,236787.88,0.0,0.0,1.0,20.0,100.0,1.5821660745511934,28.632866429820478
10233,7,15,225000,3433219,15.258751111111112,0.0,0.0,0.0,0.0,15.0,3433219.0,228881.26666666666,0.0,0.0,1.0,20.0,100.0,1.579212611194969,28.631685044477987
10509,2,1,20000,336100,16.805,0.0,0.0,0.0,0.0,1.0,336100.0,336100.0,0.0,0.0,1.0,20.0,100.0,1.5776896356001582,28.631075854240063
9750,60,35,360000,4676458,12.990161111111112,0.0,0.0,0.0,0.0,35.0,4676458.0,133613.08571428573,0.0,0.0,1.0,20.0,100.0,1.5757869647035947,28.63031478588144
10758,10,14,140000,2135330,15.252357142857143,0.0,0.0,0.0,0.0,14.0,2135330.0,152523.57142857142,0.0,0.0,1.0,20.0,100.0,1.5681345410045893,28.627253816401836
10757,12,27,270000,3691814,13.673385185185186,0.0,0.0,0.0,0.0,27.0,3691814.0,136733.85185185185,0.0,0.0,1.0,20.0,100.0,1.5561075989690385,28.622443039587615
10684,1,1,10000,164999,16.4999,0.0,0.0,0.0,0.0,1.0,164999.0,164999.0,0.0,0.0,1.0,20.0,100.0,1.5490460192675364,28.619618407707016
10476,2,5,150000,2399716,15.998106666666667,0.0,0.0,0.0,0.0,5.0,2399716.0,479943.2,0.0,0.0,1.0,20.0,100.0,1.543847447153585,28.617538978861432
9510,2,6,180000,2820000,15.666666666666666,0.0,0.0,0.0,0.0,6.0,2820000.0,470000.0,0.0,0.0,1.0,20.0,100.0,1.5232087472004254,28.60928349888017
8517,37,23,400000,5490750,13.726875,0.0,0.0,0.0,0.0,23.0,5490750.0,238728.26086956522,0.0,0.0,1.0,20.0,100.0,1.5192182196408106,28.607687287856326
9144,4,5,75000,1175000,15.666666666666666,0.0,0.0,0.0,0.0,5.0,1175000.0,235000.0,0.0,0.0,1.0,20.0,100.0,1.5127309601090613,28.605092384043626
10292,1,4,120000,1889600,15.746666666666666,0.0,0.0,0.0,0.0,4.0,1889600.0,472400.0,0.0,0.0,1.0,20.0,100.0,1.5097637902140584,28.603905516085625
10867,1,1,10000,160000,16.0,0.0,0.0,0.0,0.0,1.0,160000.0,160000.0,0.0,0.0,1.0,20.0,100.0,1.5021140500617756,28.60084562002471
9005,8,2,60000,952400,15.873333333333333,0.0,0.0,0.0,0.0,2.0,952400.0,476200.0,0.0,0.0,1.0,20.0,100.0,1.500700026592235,28.600280010636894
9453,40,34,680000,8304221,12.212089705882352,0.0,0.0,0.0,0.0,34.0,8304221.0,244241.79411764705,0.0,0.0,1.0,20.0,100.0,1.4922617216608822,28.596904688664353
10534,13,9,135000,2024900,14.99925925925926,0.0,0.0,0.0,0.0,9.0,2024900.0,224988.88888888888,0.0,0.0,1.0,20.0,100.0,1.4919840890863583,28.596793635634544
8521,1,1,15000,238300,15.886666666666667,0.0,0.0,0.0,0.0,1.0,238300.0,238300.0,0.0,0.0,1.0,20.0,100.0,1.4914740090335976,28.596589603613438
5746,152,64,1750000,15375695,8.786111428571429,0.0,0.0,0.0,0.0,64.0,15375695.0,240245.234375,0.0,0.0,1.0,20.0,100.0,1.484955192352674,28.59398207694107
10243,1,2,60000,940000,15.666666666666666,0.0,0.0,0.0,0.0,2.0,940000.0,470000.0,0.0,0.0,1.0,20.0,100.0,1.481297598834969,28.592519039533986
9021,8,2,60000,940000,15.666666666666666,0.0,0.0,0.0,0.0,2.0,940000.0,470000.0,0.0,0.0,1.0,20.0,100.0,1.481297598834969,28.592519039533986
9954,28,48,490000,5131583,10.47261836734694,0.0,0.0,0.0,0.0,48.0,5131583.0,106907.97916666667,0.0,0.0,1.0,20.0,100.0,1.475644449092716,28.590257779637085
9797,1,1,30000,470000,15.666666666666666,0.0,0.0,0.0,0.0,1.0,470000.0,470000.0,0.0,0.0,1.0,20.0,100.0,1.4708198117436049,28.58832792469744
9822,1,1,30000,470000,15.666666666666666,0.0,0.0,0.0,0.0,1.0,470000.0,470000.0,0.0,0.0,1.0,20.0,100.0,1.4708198117436049,28.58832792469744
9821,1,1,30000,470000,15.666666666666666,0.0,0.0,0.0,0.0,1.0,470000.0,470000.0,0.0,0.0,1.0,20.0,100.0,1.4708198117436049,28.58832792469744
8515,50,50,940000,9573536,10.184612765957446,0.0,0.0,0.0,0.0,50.0,9573536.0,191470.72,0.0,0.0,1.0,20.0,100.0,1.4695612754948917,28.587824510197958
8413,1,1,25000,391000,15.64,0.0,0.0,0.0,0.0,1.0,391000.0,391000.0,0.0,0.0,1.0,20.0,100.0,1.4683162726781513,28.58732650907126
9038,141,44,1320000,13739470,10.408689393939394,1.0,0.0,0.0,0.0,43.0,13450365.0,312799.18604651163,0.0,0.0070921985815602835,0.9772727272727273,20.0,100.0,1.4277314751395047,28.5710925900558
8633,7,9,90000,1262299,14.025544444444444,0.0,0.0,0.0,0.0,9.0,1262299.0,140255.44444444444,0.0,0.0,1.0,20.0,100.0,1.4005690986801136,28.560227639472046
9147,11,42,1260000,13007401,10.323334126984127,0.0,0.0,0.0,0.0,42.0,13007401.0,309700.0238095238,0.0,0.0,1.0,20.0,100.0,1.3987625167593487,28.559505006703738
9621,1,1,15000,223000,14.866666666666667,0.0,0.0,0.0,0.0,1.0,223000.0,223000.0,0.0,0.0,1.0,20.0,100.0,1.3957136397799954,28.558285455912
10836,2,3,30000,436598,14.553266666666667,0.0,0.0,0.0,0.0,3.0,436598.0,145532.66666666666,0.0,0.0,1.0,20.0,100.0,1.3872463710959797,28.55489854843839
8665,1,1,20000,294900,14.745,0.0,0.0,0.0,0.0,1.0,294900.0,294900.0,0.0,0.0,1.0,20.0,100.0,1.384291242793863,28.553716497117545
9794,1,1,10000,145900,14.59,0.0,0.0,0.0,0.0,1.0,145900.0,145900.0,0.0,0.0,1.0,20.0,100.0,1.3697394219759138,28.547895768790365
8956,1,1,20000,291505,14.57525,0.0,0.0,0.0,0.0,1.0,291505.0,291505.0,0.0,0.0,1.0,20.0,100.0,1.3683546519303347,28.547341860772136
8574,28,2,40000,578400,14.46,0.0,0.0,0.0,0.0,2.0,578400.0,289200.0,0.0,0.0,1.0,20.0,100.0,1.3680124561231914,28.547204982449276
8579,1,1,15000,218000,14.533333333333333,0.0,0.0,0.0,0.0,1.0,218000.0,218000.0,0.0,0.0,1.0,20.0,100.0,1.3644194014618247,28.54576776058473
7442,1,1,20000,286000,14.3,0.0,0.0,0.0,0.0,1.0,286000.0,286000.0,0.0,0.0,1.0,20.0,100.0,1.3425134346391052,28.537005373855642
9500,18,5,50000,686500,13.73,0.0,0.0,0.0,0.0,5.0,686500.0,137300.0,0.0,0.0,1.0,20.0,100.0,1.3309114354804898,28.532364574192197
10760,2,2,40000,560600,14.015,0.0,0.0,0.0,0.0,2.0,560600.0,280300.0,0.0,0.0,1.0,20.0,100.0,1.3262346479684335,28.530493859187374
8502,44,41,2100000,20190000,9.614285714285714,0.0,0.0,0.0,0.0,41.0,20190000.0,492439.0243902439,0.0,0.0,1.0,20.0,100.0,1.3217173396496704,28.528686935859866
7079,11,3,45000,613700,13.637777777777778,0.0,0.0,0.0,0.0,3.0,613700.0,204566.66666666666,0.0,0.0,1.0,20.0,100.0,1.301297788696401,28.52051911547856
8617,1,1,20000,274000,13.7,0.0,0.0,0.0,0.0,1.0,274000.0,274000.0,0.0,0.0,1.0,20.0,100.0,1.286183805666398,28.51447352226656
8236,5,2,30000,407100,13.57,2.0,1.0,0.0,0.0,0.0,,,0.0,0.4,0.0,70.0,0.0,1.2844568398136758,28.51378273592547
8752,23,32,860000,8766900,10.19406976744186,0.0,0.0,0.0,0.0,32.0,8766900.0,273965.625,0.0,0.0,1.0,20.0,100.0,1.2818489568250233,28.51273958273001
8634,1,2,20000,267000,13.35,0.0,0.0,0.0,0.0,2.0,267000.0,133500.0,0.0,0.0,1.0,20.0,100.0,1.263802642523683,28.505521057009474
7058,1,1,100000,1340000,13.4,0.0,0.0,0.0,0.0,1.0,1340000.0,1340000.0,0.0,0.0,1.0,20.0,100.0,1.2580189911800443,28.503207596472016
9618,6,36,420000,3964754,9.439890476190476,0.0,0.0,0.0,0.0,36.0,3964754.0,110132.05555555556,0.0,0.0,1.0,20.0,100.0,1.2529557057653302,28.501182282306132
8535,37,7,140000,1772600,12.661428571428571,0.0,0.0,0.0,0.0,7.0,1772600.0,253228.57142857142,0.0,0.0,1.0,20.0,100.0,1.251546622826111,28.500618649130445
9247,61,23,230000,2474700,10.759565217391305,0.0,0.0,0.0,0.0,23.0,2474700.0,107595.65217391304,0.0,0.0,1.0,20.0,100.0,1.240639121138424,28.49625564845537
10245,4,2,60000,767500,12.791666666666666,0.0,0.0,0.0,0.0,2.0,767500.0,383750.0,0.0,0.0,1.0,20.0,100.0,1.2113847933407471,28.4845539173363
9812,7,10,220000,2613193,11.87815,0.0,0.0,0.0,0.0,10.0,2613193.0,261319.3,0.0,0.0,1.0,20.0,100.0,1.2094436652487974,28.483777466099518
9920,17,7,140000,1703216,12.165828571428571,0.0,0.0,0.0,0.0,7.0,1703216.0,243316.57142857142,0.0,0.0,1.0,20.0,100.0,1.2050183492946547,28.48200733971786
9525,4,37,555000,4848800,8.736576576576576,0.0,0.0,0.0,0.0,37.0,4848800.0,131048.64864864865,0.0,0.0,1.0,20.0,100.0,1.1974044744956964,28.47896178979828
10449,1,1,20000,250000,12.5,0.0,0.0,0.0,0.0,1.0,250000.0,250000.0,0.0,0.0,1.0,20.0,100.0,1.1735245477209837,28.469409819088394
8516,24,6,60000,713999,11.899983333333333,0.0,0.0,0.0,0.0,6.0,713999.0,118999.83333333333,0.0,0.0,1.0,20.0,100.0,1.169582289493181,28.467832915797274
8255,1,1,20000,247000,12.35,1.0,1.0,0.0,0.0,0.0,,,0.0,1.0,0.0,70.0,0.0,1.1594421404778068,28.463776856191124
10611,15,25,375000,3559112,9.490965333333333,0.0,0.0,0.0,0.0,25.0,3559112.0,142364.48,0.0,0.0,1.0,20.0,100.0,1.1424950940148104,28.456998037605924
8809,10,3,60000,715000,11.916666666666666,0.0,0.0,0.0,0.0,3.0,715000.0,238333.33333333334,0.0,0.0,1.0,20.0,100.0,1.139715204846913,28.455886081938765
9792,1,1,10000,120000,12.0,0.0,0.0,0.0,0.0,1.0,120000.0,120000.0,0.0,0.0,1.0,20.0,100.0,1.1265831902437276,28.45063327609749
10212,29,11,110000,1192291,10.83900909090909,0.0,0.0,0.0,0.0,11.0,1192291.0,108390.09090909091,0.0,0.0,1.0,20.0,100.0,1.122364082574407,28.448945633029762
10235,6,3,75000,871000,11.613333333333333,0.0,0.0,0.0,0.0,3.0,871000.0,290333.3333333333,0.0,0.0,1.0,20.0,100.0,1.1112374479773777,28.44449497919095
9396,8,40,460000,4252133,9.243767391304347,0.0,0.0,0.0,0.0,40.0,4252133.0,106303.325,0.0,0.0,1.0,20.0,99.63166685980957,1.2764542864564226,28.436915086544484
10698,1,1,200000,2324366,11.62183,0.0,0.0,0.0,0.0,1.0,2324366.0,2324366.0,0.0,0.0,1.0,20.0,100.0,1.0910795639293798,28.436431825571752
9754,33,5,50000,550000,11.0,0.0,0.0,0.0,0.0,5.0,550000.0,110000.0,0.0,0.0,1.0,20.0,100.0,1.0746116236546719,28.42984464946187
8401,1,1,20000,226700,11.335,0.0,0.0,0.0,0.0,1.0,226700.0,226700.0,0.0,0.0,1.0,20.0,100.0,1.064151184798977,28.425660473919592
9694,1,1,10000,113300,11.33,0.0,0.0,0.0,0.0,1.0,113300.0,113300.0,0.0,0.0,1.0,20.0,100.0,1.0636817712242046,28.425472708489682
7817,213,1027,10360000,13319526,1.2856685328185329,631.0,0.6767036450079239,0.02377179080824089,0.10142630744849446,396.0,6479526.0,16362.439393939394,2.0,2.9624413145539905,0.38558909444985395,52.51980982567353,15.335523237027573,10.870902218921746,28.423389465243627
10219,1,2,30000,334000,11.133333333333333,0.0,0.0,0.0,0.0,2.0,334000.0,167000.0,0.0,0.0,1.0,20.0,100.0,1.055695957707848,28.42227838308314
7837,99,4,100000,1090000,10.9,0.0,0.0,0.0,0.0,4.0,1090000.0,272500.0,0.0,0.0,1.0,20.0,100.0,1.0547455650678568,28.421898226027142
10599,22,9,180000,1848000,10.266666666666667,0.0,0.0,0.0,0.0,9.0,1848000.0,205333.33333333334,0.0,0.0,1.0,20.0,100.0,1.0476754477201529,28.41907017908806
7978,33,35,1680000,12299416,7.321080952380952,0.0,0.0,0.0,0.0,35.0,12299416.0,351411.8857142857,0.0,0.0,1.0,20.0,100.0,1.0435583281072514,28.4174233312429
8249,148,16,600000,5638000,9.396666666666667,0.0,0.0,0.0,0.0,16.0,5638000.0,352375.0,0.0,0.0,1.0,20.0,100.0,1.0393419953492764,28.41573679813971
8359,64,6,120000,1260700,10.505833333333333,1.0,0.0,0.0,0.0,5.0,1141700.0,228340.0,0.0,0.015625,0.8333333333333334,20.0,100.0,1.0386957024393482,28.41547828097574
8990,34,11,216000,2116888,9.800407407407407,0.0,0.0,0.0,0.0,11.0,2116888.0,192444.36363636365,0.0,0.0,1.0,20.0,100.0,1.0248573367709422,28.409942934708376
7423,103,193,1050000,5612970,5.345685714285715,44.0,0.7045454545454546,0.09090909090909091,0.045454545454545456,149.0,3641490.0,24439.53020134228,0.0,0.42718446601941745,0.772020725388601,57.045454545454554,22.905691155289723,2.5135932204821847,28.404757337432642
9505,2,2,60000,616800,10.28,0.0,0.0,0.0,0.0,2.0,616800.0,308400.0,0.0,0.0,1.0,20.0,100.0,0.9755827076133311,28.39023308304533
10497,5,3,60000,580000,9.666666666666666,2.0,0.0,0.0,0.0,1.0,180000.0,180000.0,0.0,0.4,0.3333333333333333,20.0,100.0,0.928479096199261,28.371391638479704
10612,17,22,330000,2487061,7.536548484848485,0.0,0.0,0.0,0.0,22.0,2487061.0,113048.22727272728,0.0,0.0,1.0,20.0,100.0,0.9275757728521193,28.37103030914085
8853,115,6,135000,1238700,9.175555555555556,0.0,0.0,0.0,0.0,6.0,1238700.0,206450.0,0.0,0.0,1.0,20.0,100.0,0.9138056130179154,28.365522245207167
10551,10,3,60000,570000,9.5,0.0,0.0,0.0,0.0,3.0,570000.0,190000.0,0.0,0.0,1.0,20.0,100.0,0.9128319770401757,28.36513279081607
10624,7,5,200000,1819000,9.095,0.0,0.0,0.0,0.0,5.0,1819000.0,363800.0,0.0,0.0,1.0,20.0,100.0,0.8957650516663267,28.358306020666532
8751,1,1,15000,143000,9.533333333333333,0.0,0.0,0.0,0.0,1.0,143000.0,143000.0,0.0,0.0,1.0,20.0,100.0,0.8950058266892645,28.358002330675706
9930,12,16,320000,2485102,7.76594375,0.0,0.0,0.0,0.0,16.0,2485102.0,155318.875,0.0,0.0,1.0,20.0,100.0,0.8862453005940691,28.35449812023763
9588,8,8,240000,2066195,8.609145833333333,0.0,0.0,0.0,0.0,8.0,2066195.0,258274.375,0.0,0.0,1.0,20.0,100.0,0.8815851047017903,28.352634041880716
10232,1,2,30000,277000,9.233333333333333,0.0,0.0,0.0,0.0,2.0,277000.0,138500.0,0.0,0.0,1.0,20.0,100.0,0.8773187992942753,28.35092751971771
9606,1,1,20000,186700,9.335,0.0,0.0,0.0,0.0,1.0,186700.0,186700.0,0.0,0.0,1.0,20.0,100.0,0.8763857548899532,28.35055430195598
10631,2,4,200000,1800000,9.0,0.0,0.0,0.0,0.0,4.0,1800000.0,450000.0,0.0,0.0,1.0,20.0,100.0,0.876368406654284,28.350547362661715
10566,3,2,30000,275000,9.166666666666666,0.0,0.0,0.0,0.0,2.0,275000.0,137500.0,0.0,0.0,1.0,20.0,100.0,0.871059951630641,28.348423980652257
9896,19,2,30000,274000,9.133333333333333,0.0,0.0,0.0,0.0,2.0,274000.0,137000.0,0.0,0.0,1.0,20.0,100.0,0.867930527798824,28.34717221111953
10298,24,4,120000,1069082,8.909016666666666,0.0,0.0,0.0,0.0,4.0,1069082.0,267270.5,1.0,0.0,1.0,20.0,100.0,0.8678266443053393,28.347130657722136
10708,13,3,60000,540000,9.0,0.0,0.0,0.0,0.0,3.0,540000.0,180000.0,0.0,0.0,1.0,20.0,100.0,0.8658906195629198,28.346356247825167
9788,5,3,75000,672000,8.96,0.0,0.0,0.0,0.0,3.0,672000.0,224000.0,0.0,0.0,1.0,20.0,100.0,0.8621353109647394,28.344854124385897
8510,32,3,90000,803000,8.922222222222222,0.0,0.0,0.0,0.0,3.0,803000.0,267666.6666666667,0.0,0.0,1.0,20.0,100.0,0.8585886306220134,28.343435452248805
10530,23,48,1440000,5475542,3.8024597222222223,0.0,0.0,0.0,0.0,48.0,5475542.0,114073.79166666667,0.0,0.0,1.0,20.0,100.0,0.8494318463110982,28.339772738524438
10601,19,4,80000,687000,8.5875,0.0,0.0,0.0,0.0,4.0,687000.0,171750.0,0.0,0.0,1.0,20.0,100.0,0.8376417867355478,28.33505671469422
9931,48,8,210000,1698000,8.085714285714285,1.0,0.0,0.0,0.0,7.0,1528000.0,218285.7142857143,1.0,0.020833333333333332,0.875,20.0,100.0,0.8324439299184722,28.33297757196739
9907,39,5,120000,996807,8.306725,0.0,0.0,0.0,0.0,5.0,996807.0,199361.4,0.0,0.0,1.0,20.0,100.0,0.8217596545355588,28.328703861814223
7835,181,3,75000,639700,8.529333333333334,0.0,0.0,0.0,0.0,3.0,639700.0,213233.33333333334,0.0,0.0,1.0,20.0,100.0,0.8217031550576628,28.328681262023064
7556,186,17,290000,1892109,6.5245137931034485,0.0,0.0,0.0,0.0,17.0,1892109.0,111300.5294117647,0.0,0.0,1.0,20.0,100.0,0.7801742729061223,28.31206970916245
8264,5,12,450000,3152000,7.004444444444444,0.0,0.0,0.0,0.0,12.0,3152000.0,262666.6666666667,0.0,0.0,1.0,20.0,100.0,0.7728425299870818,28.30913701199483
8591,5,4,100000,748000,7.48,0.0,0.0,0.0,0.0,4.0,748000.0,187000.0,0.0,0.0,1.0,20.0,100.0,0.7336666799234257,28.29346667196937
10231,1,1,30000,232454,7.748466666666666,0.0,0.0,0.0,0.0,1.0,232454.0,232454.0,0.0,0.0,1.0,20.0,100.0,0.7274376981907881,28.290975079276315
9361,8,6,120000,847050,7.05875,0.0,0.0,0.0,0.0,6.0,847050.0,141175.0,0.0,0.0,1.0,20.0,100.0,0.7150741604315657,28.286029664172627
9945,6,8,160000,1067414,6.6713375,0.0,0.0,0.0,0.0,8.0,1067414.0,133426.75,1.0,0.0,1.0,20.0,100.0,0.699658397306979,28.279863358922793
9810,1,1,25000,183400,7.336,0.0,0.0,0.0,0.0,1.0,183400.0,183400.0,0.0,0.0,1.0,20.0,100.0,0.6887142076958837,28.275485683078355
9653,61,26,650000,2921000,4.493846153846154,0.0,0.0,0.0,0.0,26.0,2921000.0,112346.15384615384,1.0,0.0,1.0,20.0,100.0,0.6838297655846548,28.273531906233863
8412,3,14,700000,3924400,5.606285714285714,14.0,1.0,0.0,0.0,0.0,,,0.0,4.666666666666667,0.0,70.0,0.0,0.6625351666451554,28.26501406665806
10390,18,9,225000,1325000,5.888888888888889,2.0,0.0,0.0,0.0,7.0,1145000.0,163571.42857142858,0.0,0.1111111111111111,0.7777777777777778,20.0,100.0,0.6366777844748449,28.25467111378994
8735,24,15,450000,2190876,4.868613333333333,0.0,0.0,0.0,0.0,15.0,2190876.0,146058.4,0.0,0.0,1.0,20.0,100.0,0.6037582678657509,28.2415033071463
9323,1,1,20000,120000,6.0,0.0,0.0,0.0,0.0,1.0,120000.0,120000.0,0.0,0.0,1.0,20.0,100.0,0.5632869005166556,28.22531476020666
9401,5,6,150000,788000,5.253333333333333,0.0,0.0,0.0,0.0,6.0,788000.0,131333.33333333334,1.0,0.0,1.0,20.0,100.0,0.5455767421407738,28.21823069685631
7440,1,1,10000,57000,5.7,1.0,1.0,0.0,0.0,0.0,,,0.0,1.0,0.0,70.0,0.0,0.535122086030302,28.21404883441212
10655,15,5,150000,745928,4.972853333333333,0.0,0.0,0.0,0.0,5.0,745928.0,149185.6,3.0,0.0,1.0,20.0,100.0,0.5087667311589682,28.203506692463588
9948,1,1,10000,53200,5.32,1.0,1.0,0.0,0.0,0.0,,,0.0,1.0,0.0,70.0,0.0,0.4994466543475875,28.199778661739035
8520,19,4,100000,495000,4.95,0.0,0.0,0.0,0.0,4.0,495000.0,123750.0,0.0,0.0,1.0,20.0,100.0,0.4961434110885103,28.198457364435406
10289,1,1,30000,157800,5.26,0.0,0.0,0.0,0.0,1.0,157800.0,157800.0,0.0,0.0,1.0,20.0,100.0,0.49381369145031667,28.197525476580125
8221,158,5,180000,835500,4.641666666666667,0.0,0.0,0.0,0.0,5.0,835500.0,167100.0,0.0,0.0,1.0,20.0,100.0,0.4776740277355665,28.19106961109423
9697,48,6,160000,690000,4.3125,0.0,0.0,0.0,0.0,6.0,690000.0,115000.0,0.0,0.0,1.0,20.0,100.0,0.45724875448773705,28.182899501795095
7827,112,3,60000,319454,5.324233333333333,0.0,0.0,0.0,0.0,3.0,319454.0,106484.66666666667,0.0,0.0,1.0,20.0,99.80162741862686,0.5207996653569563,28.168645349868157
10628,8,4,160000,622000,3.8875,0.0,0.0,0.0,0.0,4.0,622000.0,155500.0,0.0,0.0,1.0,20.0,100.0,0.39639302644934127,28.158557210579737
10602,4,3,90000,356220,3.958,1.0,0.0,0.0,0.0,2.0,216120.0,108060.0,0.0,0.25,0.6666666666666666,20.0,100.0,0.39253397076227026,28.15701358830491
8506,35,15,1100000,2797000,2.542727272727273,0.0,0.0,0.0,0.0,15.0,2797000.0,186466.66666666666,0.0,0.0,1.0,20.0,100.0,0.38539776982119933,28.15415910792848
6582,1,1,40000,152000,3.8,0.0,0.0,0.0,0.0,1.0,152000.0,152000.0,0.0,0.0,1.0,20.0,100.0,0.3567449276167291,28.14269797104669
8509,1,1,40000,136000,3.4,0.0,0.0,0.0,0.0,1.0,136000.0,136000.0,0.0,0.0,1.0,20.0,100.0,0.31919184163492437,28.12767673665397
8508,30,8,465000,1117000,2.4021505376344088,0.0,0.0,0.0,0.0,8.0,1117000.0,139625.0,0.0,0.0,1.0,20.0,100.0,0.29885553463169123,28.119542213852675
9050,24,2,60000,180200,3.0033333333333334,2.0,1.0,0.0,0.0,0.0,,,0.0,0.08333333333333333,0.0,70.0,0.0,0.2924294851276653,28.116971794051064
8268,1,1,100000,303000,3.03,0.0,0.0,0.0,0.0,1.0,303000.0,303000.0,0.0,0.0,1.0,20.0,100.0,0.2844552371017549,28.1137820948407
8505,25,4,175000,434000,2.48,0.0,0.0,0.0,0.0,4.0,434000.0,108500.0,0.0,0.0,1.0,20.0,100.0,0.2642531051508656,28.105701242060345
10029,1,1,15000,39000,2.6,1.0,1.0,0.0,0.0,0.0,,,0.0,1.0,0.0,70.0,0.0,0.24408566967131473,28.097634267868525
9179,135,465,10740000,28942300,2.6948137802607075,231.0,0.4199134199134199,0.047619047619047616,0.06060606060606061,234.0,11937300.0,51014.10256410256,18.0,1.711111111111111,0.5032258064516129,41.21212121212121,47.812427991493436,5.114680255170236,28.093206185215266
8730,1,1,50000,108000,2.16,0.0,0.0,0.0,0.0,1.0,108000.0,108000.0,0.0,0.0,1.0,20.0,100.0,0.20277727509132945,28.081110910036532
10699,1,1,100000,201704,2.01704,0.0,0.0,0.0,0.0,1.0,201704.0,201704.0,0.0,0.0,1.0,20.0,100.0,0.1893558021614324,28.075742320864574
7434,34,3,90000,117000,1.3,3.0,1.0,0.0,0.0,0.0,,,0.0,0.08823529411764706,0.0,70.0,0.0,0.14299371441317735,28.057197485765272
8201,1,1,50000,50000,1.0,1.0,1.0,0.0,0.0,0.0,,,0.0,1.0,0.0,70.0,0.0,0.09387332574409551,28.037549330297637
7965,33,107,2650000,3614148,1.363829433962264,26.0,0.8846153846153846,0.0,0.46153846153846156,81.0,2393700.0,29551.85185185185,0.0,0.7878787878787878,0.7570093457943925,55.00000000000001,27.697160543135883,1.2386760524694316,28.034902529614953
10641,1,1,33000,24000,0.7272727272727273,1.0,1.0,0.0,0.0,0.0,,,0.0,1.0,0.0,70.0,0.0,0.06826894893831952,28.02730757957533
9986,1,1,30000,20000,0.6666666666666666,1.0,1.0,0.0,0.0,0.0,,,0.0,1.0,0.0,70.0,0.0,0.06257908742592484,28.02503163497037
9139,54,1168,5855000,8907000,1.521263877028181,261.0,0.6973180076628352,0.04980842911877394,0.10344827586206896,907.0,6392000.0,7047.409040793826,3.0,4.833333333333333,0.776541095890411,54.291187739463595,6.605109574673987,12.370388529349128,27.98565242245989
9206,19,16,288000,16000,0.05555555555555555,13.0,0.8461538461538461,0.23076923076923078,0.0,3.0,3000.0,1000.0,0.0,0.6842105263157895,0.1875,69.23076923076923,0.9372394218130955,0.16237312354640687,27.944704826088877
9471,2,4,36000,416000,11.555555555555555,0.0,0.0,0.0,0.0,4.0,416000.0,104000.0,0.0,0.0,1.0,20.0,97.47289986856192,1.1162909004269257,27.941096333883156
10184,1,2,38000,221000,5.815789473684211,1.0,0.0,0.0,0.0,1.0,105000.0,105000.0,0.0,1.0,0.5,20.0,98.41013929037501,0.5564705032742938,27.904616059384722
7988,17,4,325000,423000,1.3015384615384615,0.0,0.0,0.0,0.0,4.0,423000.0,105750.0,0.0,0.0,1.0,20.0,99.11306885673484,0.15361593645062532,27.88406014592722
9809,1,1,20000,104800,5.24,0.0,0.0,0.0,0.0,1.0,104800.0,104800.0,0.0,0.0,1.0,20.0,98.2226914060124,0.49193603715122647,27.841312696062975
9943,1,1,10000,103700,10.37,0.0,0.0,0.0,0.0,1.0,103700.0,103700.0,1.0,0.0,1.0,20.0,97.191728042018,0.973554364867873,27.82776735435075
9298,22,3,45000,440000,9.777777777777779,1.0,0.0,0.0,0.0,2.0,207000.0,103500.0,0.0,0.045454545454545456,0.6666666666666666,20.0,97.00428015765539,0.9389105089719848,27.776420235119872
9913,16,39,1170000,897000,0.7666666666666667,6.0,0.6666666666666666,0.16666666666666666,0.0,33.0,737000.0,22333.333333333332,0.0,0.375,0.8461538461538461,58.33333333333333,20.931680420492466,0.47012326839321217,27.70771872478911
8693,9,6,90000,750000,8.333333333333334,6.0,0.6666666666666666,0.5,0.0,0.0,,,0.0,0.6666666666666666,0.0,68.33333333333333,0.0,0.834735504200671,27.667227535013602
9286,1,2,30000,206000,6.866666666666666,0.0,0.0,0.0,0.0,2.0,206000.0,103000.0,0.0,0.0,1.0,20.0,96.53566044674884,0.6551297072352634,27.569183972243874
9628,7,2,20000,204000,10.2,0.0,0.0,0.0,0.0,2.0,204000.0,102000.0,0.0,0.0,1.0,20.0,95.59842102493575,0.9680720904169702,27.506913041153936
9736,45,221,2210000,2650000,1.1990950226244343,39.0,0.8461538461538461,0.02564102564102564,0.10256410256410256,182.0,2040000.0,11208.791208791208,5.0,0.8666666666666667,0.8235294117647058,61.02564102564103,10.50532099175118,2.417678067102111,27.478391835447493
7842,135,112,2800000,2800000,1.0,7.0,0.7142857142857143,0.0,0.0,105.0,2625000.0,25000.0,0.0,0.05185185185185185,0.9375,55.714285714285715,23.43098554532739,1.2569076928855112,27.47467447193397
10627,8,9,270000,925510,3.427814814814815,0.0,0.0,0.0,0.0,9.0,925510.0,102834.44444444444,0.0,0.0,1.0,20.0,96.38049525358198,0.4056254686966089,27.43834923819504
9645,39,89,4450000,38077991,8.556851910112359,89.0,0.9213483146067416,0.033707865168539325,0.011235955056179775,0.0,,,0.0,2.282051282051282,0.0,66.85393258426966,0.0,1.725376363614675,27.431723579153736
9158,25,19,760000,1376550,1.81125,19.0,0.7368421052631579,0.3684210526315789,0.0,0.0,,,0.0,0.76,0.0,67.89473684210526,0.0,0.35863584589549735,27.301349075200307
7548,125,63,2580000,6285000,2.436046511627907,0.0,0.0,0.0,0.0,63.0,6285000.0,99761.90476190476,0.0,0.0,1.0,20.0,93.50078993802072,0.8783160707212542,27.051484415892645
9580,21,4,60000,620100,10.335,2.0,0.0,0.0,0.0,2.0,198700.0,99350.0,0.0,0.09523809523809523,0.5,20.0,93.11473655713104,1.0017018311185577,27.023628043873632
8126,30,129,1320000,3724527,2.8216113636363636,80.0,0.675,0.1125,0.075,49.0,1064618.0,21726.897959183672,0.0,2.6666666666666665,0.3798449612403101,55.625,20.36330528105743,1.6060478938488738,26.965080213751037
10606,30,20,21978,22,0.001001001001001001,7.0,0.8571428571428571,0.14285714285714285,0.0,13.0,15.0,1.1538461538461537,0.0,0.23333333333333334,0.65,67.14285714285715,0.0010814301020920332,0.1991625422171477,26.93702416005014
9957,19,16,240000,240000,1.0,2.0,1.0,0.0,0.5,14.0,210000.0,15000.0,0.0,0.10526315789473684,0.875,60.0,14.058591327196432,0.2510401321145571,26.91213431828511
10193,14,32,576000,32000,0.05555555555555555,17.0,0.8235294117647058,0.17647058823529413,0.0,15.0,15000.0,1000.0,1.0,1.2142857142857142,0.46875,66.47058823529412,0.9372394218130955,0.33001771700823257,26.90769026528356
9735,38,89,422900,464900,1.0993142586899975,11.0,0.8181818181818182,0.09090909090909091,0.0,78.0,429400.0,5505.128205128205,0.0,0.2894736842105263,0.8764044943820225,63.63636363636365,5.159623175981324,1.0252424820236485,26.896567082551186
10475,1,3,46000,259000,5.630434782608695,1.0,0.0,0.0,0.0,2.0,196000.0,98000.0,0.0,1.0,0.6666666666666666,20.0,91.84946333768336,0.5495466887379337,26.589711343031844
10687,1,1,5000,95000,19.0,0.0,0.0,0.0,0.0,1.0,95000.0,95000.0,0.0,0.0,1.0,20.0,89.03774507224406,1.7837621949253117,26.521053892418937
9265,1,1,20000,96945,4.84725,0.0,0.0,0.0,0.0,1.0,96945.0,96945.0,0.0,0.0,1.0,20.0,90.86067574767054,0.45506360085284187,26.354160589875246
8836,15,62,2480000,11249650,4.536149193548387,62.0,0.8064516129032258,0.14516129032258066,0.0,0.0,,,0.0,4.133333333333334,0.0,64.6774193548387,0.0,1.0650016250918368,26.296968391972218
8416,14,4,36000,381000,10.583333333333334,0.0,0.0,0.0,0.0,4.0,381000.0,95250.0,0.0,0.0,1.0,20.0,89.27205492769734,1.0250160386655947,26.26441740100571
10784,5,3,90000,290000,3.2222222222222223,0.0,0.0,0.0,0.0,3.0,290000.0,96666.66666666667,0.0,0.0,1.0,20.0,90.5998107752659,0.3234571553812948,26.249345017205698
8309,29,319,4785000,5960840,1.2457345872518286,73.0,0.726027397260274,0.1506849315068493,0.1643835616438356,246.0,2435560.0,9900.650406504064,0.0,2.5172413793103448,0.7711598746081505,57.534246575342465,9.279279862565458,3.4488798510073098,26.249106543053
10443,52,92,4600000,23849609,5.184697608695652,92.0,0.9239130434782609,0.010869565217391304,0.14130434782608695,0.0,,,0.0,1.7692307692307692,0.0,63.69565217391304,0.0,1.4402227238262313,26.05434995909571
10646,19,4,120000,620600,5.171666666666667,3.0,0.0,0.0,0.0,1.0,95000.0,95000.0,1.0,0.15789473684210525,0.25,20.0,89.03774507224406,0.5169540795700939,26.01433064627685
10090,1,1,25000,95000,3.8,0.0,0.0,0.0,0.0,1.0,95000.0,95000.0,0.0,0.0,1.0,20.0,89.03774507224406,0.3567449276167291,25.950246985495504
9796,1,3,87000,258000,2.9655172413793105,1.0,0.0,0.0,0.0,2.0,190000.0,95000.0,0.0,1.0,0.6666666666666666,20.0,89.03774507224406,0.29935699483741635,25.92729181238378
8578,15,214,9095000,1070000,0.11764705882352941,196.0,0.7295918367346939,0.1377551020408163,0.02040816326530612,18.0,90000.0,5000.0,0.0,13.066666666666666,0.08411214953271028,60.204081632653065,4.6861971090654775,2.242804286538904,25.915993789489885
7445,1,1,15000,93000,6.2,0.0,0.0,0.0,0.0,1.0,93000.0,93000.0,0.0,0.0,1.0,20.0,87.16326622861787,0.582063443507558,25.6654786231266
8992,6,7,175000,1099000,6.28,6.0,0.16666666666666666,0.0,0.0,1.0,75000.0,75000.0,0.0,1.0,0.14285714285714285,28.333333333333332,70.29295663598216,0.6524407832521036,25.652900973830608
9805,8,11,110000,1009000,9.172727272727272,0.0,0.0,0.0,0.0,11.0,1009000.0,91727.27272727272,0.0,0.0,1.0,20.0,85.97041605540122,0.9659290216041573,25.580454819721908
8962,120,21,420000,1937000,4.6119047619047615,0.0,0.0,0.0,0.0,21.0,1937000.0,92238.09523809524,0.0,0.0,1.0,20.0,86.44917905009362,0.642524492776127,25.54684560712918
7080,35,3,45000,270000,6.0,1.0,0.0,0.0,0.0,2.0,184000.0,92000.0,0.0,0.02857142857142857,0.6666666666666666,20.0,86.22602680680478,0.5842424746993838,25.47890235124071
7076,72,4,80000,367000,4.5875,0.0,0.0,0.0,0.0,4.0,367000.0,91750.0,0.0,0.0,1.0,20.0,85.9917169513515,0.4621109269174997,25.383187761037302
9751,44,30,300000,2689299,8.96433,0.0,0.0,0.0,0.0,30.0,2689299.0,89643.3,0.0,0.0,1.0,20.0,84.01723466141786,1.1454420745873233,25.261623762118504
9786,8,9,90000,810000,9.0,0.0,0.0,0.0,0.0,9.0,810000.0,90000.0,0.0,0.0,1.0,20.0,84.3515479631786,0.9287573421111044,25.241812529480164
8388,24,14,160000,640000,4.0,6.0,0.5,0.0,0.0,8.0,300000.0,37500.0,0.0,0.25,0.5714285714285714,45.0,35.14647831799108,0.511732702795365,25.233988744716363
10144,39,78,1185000,6944970,5.86073417721519,0.0,0.0,0.0,0.0,78.0,6944970.0,89038.07692307692,0.0,0.0,1.0,20.0,83.44999573473454,1.35700185300828,25.232799888150222
9003,1,1,10000,90000,9.0,0.0,0.0,0.0,0.0,1.0,90000.0,90000.0,0.0,0.0,1.0,20.0,84.3515479631786,0.8449350453801916,25.2082836107878
10293,25,228,4104000,446080,0.10869395711500975,16.0,0.8125,0.0625,0.125,212.0,227380.0,1072.5471698113208,0.0,0.64,0.9298245614035088,60.0,1.0052334893012342,2.388652764322342,25.156507803589182
9360,1,2,30000,180550,6.0183333333333335,0.0,0.0,0.0,0.0,2.0,180550.0,90275.0,0.0,0.0,1.0,20.0,84.6092888041772,0.5754858707155192,25.152052109121648
9255,14,2,30000,180000,6.0,0.0,0.0,0.0,0.0,2.0,180000.0,90000.0,0.0,0.0,1.0,20.0,84.3515479631786,0.5737646876080197,25.09981546767893
9914,1,1,15000,90000,6.0,0.0,0.0,0.0,0.0,1.0,90000.0,90000.0,0.0,0.0,1.0,20.0,84.3515479631786,0.5632869005166556,25.095624352842382
8360,3,4,200000,363000,1.815,0.0,0.0,0.0,0.0,4.0,363000.0,90750.0,0.0,0.0,1.0,20.0,85.05447752953842,0.20182109970611514,25.09162394579013
10150,47,74,148000,1502000,10.14864864864865,13.0,0.6153846153846154,0.0,0.0,61.0,1328000.0,21770.491803278688,2.0,0.2765957446808511,0.8243243243243243,50.76923076923077,20.40416315029165,1.7176517567137382,25.075585640436135
8503,31,8,240000,721500,3.00625,0.0,0.0,0.0,0.0,8.0,721500.0,90187.5,0.0,0.0,1.0,20.0,84.52728035476855,0.35557003226113404,25.047684083858165
9523,28,35,35000,2629074,75.1164,0.0,0.0,0.0,0.0,35.0,2629074.0,75116.4,0.0,0.0,1.0,20.0,70.40205130468121,7.408366941505068,25.043757037538267
8522,1,1,20000,90000,4.5,0.0,0.0,0.0,0.0,1.0,90000.0,90000.0,0.0,0.0,1.0,20.0,84.3515479631786,0.42246282808488755,25.039294723869677
10431,11,7,105000,1273000,12.123809523809523,4.0,0.0,0.0,0.0,3.0,264700.0,88233.33333333333,0.0,0.36363636363636365,0.42857142857142855,20.0,82.69575831797546,1.2010734870243756,25.019581058404842
8447,30,78,390000,655984,1.6820102564102564,4.0,0.75,0.0,0.0,74.0,635984.0,8594.378378378378,0.0,0.13333333333333333,0.9487179487179487,57.49999999999999,8.05499022219432,0.9646919062777494,24.996874806949965
9363,12,12,210000,1070320,5.096761904761904,0.0,0.0,0.0,0.0,12.0,1070320.0,89193.33333333333,0.0,0.0,1.0,20.0,83.59550816291602,0.5937441138903663,24.95659927813935
8532,64,156,326000,3543150,10.868558282208589,29.0,0.5517241379310345,0.034482758620689655,0.034482758620689655,127.0,3201150.0,25205.905511811023,0.0,0.453125,0.8141025641025641,47.931034482758626,23.62396830816528,2.64441736912611,24.954974402386952
7554,113,3,60000,268000,4.466666666666667,0.0,0.0,0.0,0.0,3.0,268000.0,89333.33333333333,0.0,0.0,1.0,20.0,83.72672168196986,0.44028897843579873,24.921459927768293
10145,37,66,990000,5768321,5.826586868686869,0.0,0.0,0.0,0.0,66.0,5768321.0,87398.80303030302,0.0,0.0,1.0,20.0,81.91360361927782,1.2280625658788826,24.87394575020712
10347,43,260,6500000,4438500,0.6828461538461539,16.0,0.75,0.0,0.3125,244.0,4152000.0,17016.39344262295,2.0,0.37209302325581395,0.9384615384615385,51.24999999999999,15.948434751508083,2.7778449182722107,24.800824917610502
8203,124,715,13870000,1070000,0.07714491708723864,85.0,0.9176470588235294,0.011764705882352941,0.6235294117647059,630.0,985000.0,1563.4920634920634,0.0,0.6854838709677419,0.8811188811188811,53.764705882352935,1.465366397596665,7.488373168284647,24.794304899774367
8465,7,33,850000,2905770,3.4185529411764706,0.0,0.0,0.0,0.0,33.0,2905770.0,88053.63636363637,0.0,0.0,1.0,20.0,82.52733923399511,0.6562228290466142,24.76795697841767
10218,5,10,200000,880500,4.4025,0.0,0.0,0.0,0.0,10.0,880500.0,88050.0,0.0,0.0,1.0,20.0,82.52393109064306,0.5076093471990996,24.70782995700825
9942,11,8,120000,701000,5.841666666666667,0.0,0.0,0.0,0.0,8.0,701000.0,87625.0,1.0,0.0,1.0,20.0,82.12560433637249,0.6217666469550732,24.673827526056527
7843,1,1,20000,88000,4.4,0.0,0.0,0.0,0.0,1.0,88000.0,88000.0,0.0,0.0,1.0,20.0,82.47706911955241,0.4130745565894364,24.660643646546255
9287,104,134,6700000,201182485,30.02723656716418,134.0,0.6492537313432836,0.16417910447761194,0.0,0.0,,,0.0,1.2884615384615385,0.0,57.388059701492544,0.0,4.212574785447784,24.640253794776132
8933,133,573,2895000,5063000,1.7488773747841104,136.0,0.625,0.03676470588235294,0.08088235294117647,437.0,4125000.0,9439.359267734553,0.0,1.0225563909774436,0.7626527050610821,50.73529411764706,8.846939622377617,6.157474183117104,24.52649524478119
9700,16,11,2083000,99000,0.04752760441670667,11.0,0.8181818181818182,0.0,0.0,0.0,,,0.0,0.6875,0.0,60.909090909090914,0.0,0.10923050224114907,24.407328564532826
9168,29,52,52000,3715370,71.44942307692308,0.0,0.0,0.0,0.0,52.0,3715370.0,71449.42307692308,0.0,0.0,1.0,20.0,66.96521597349462,7.242223572844255,24.289932623836627
9802,6,9,90000,760158,8.4462,0.0,0.0,0.0,0.0,9.0,760158.0,84462.0,0.0,0.0,1.0,20.0,79.16111604517766,0.8767650945692956,24.18292924686325
9744,1,1,15000,85000,5.666666666666667,0.0,0.0,0.0,0.0,1.0,85000.0,85000.0,0.0,0.0,1.0,20.0,79.66535085411311,0.531992662198485,24.145867235702017
10700,1,1,50000,85557,1.71114,0.0,0.0,0.0,0.0,1.0,85557.0,85557.0,0.0,0.0,1.0,20.0,80.187393212063,0.16063707965684723,24.101733474275342
10693,5,6,180000,510000,2.8333333333333335,0.0,0.0,0.0,0.0,6.0,510000.0,85000.0,0.0,0.0,1.0,20.0,79.66535085411311,0.3183805719508548,24.060422399602967
9745,32,129,486600,615600,1.2651048088779284,11.0,0.7272727272727273,0.0,0.0,118.0,585850.0,4964.830508474576,1.0,0.34375,0.9147286821705426,56.363636363636374,4.653234875162728,1.459918832643658,24.06006905354456
9356,12,5,50000,418048,8.36096,0.0,0.0,0.0,0.0,5.0,418048.0,83609.6,0.0,0.0,1.0,20.0,78.36221316202419,0.8268513835811167,24.003183185837283
8725,11,2,100000,170000,1.7,0.0,0.0,0.0,0.0,2.0,170000.0,85000.0,0.0,0.0,1.0,20.0,79.66535085411311,0.17006901330361804,24.00109777614407
8265,7,3,120000,166000,1.3833333333333333,2.0,0.5,0.0,0.5,1.0,53000.0,53000.0,0.0,0.2857142857142857,0.3333333333333333,35.0,49.67368935609406,0.15081727399272,23.995064780815902
10140,41,57,114000,616000,5.4035087719298245,13.0,0.6923076923076923,0.07692307692307693,0.15384615384615385,44.0,462000.0,10500.0,0.0,0.3170731707317073,0.7719298245614035,53.846153846153854,9.841013929037503,1.0940427616952666,23.944281428947154
8131,3,3,30000,250000,8.333333333333334,0.0,0.0,0.0,0.0,3.0,250000.0,83333.33333333333,0.0,0.0,1.0,20.0,78.10328515109128,0.8033021429265785,23.941977887388887
9791,4,6,90000,502579,5.584211111111111,0.0,0.0,0.0,0.0,6.0,502579.0,83763.16666666667,0.0,0.0,1.0,20.0,78.50614189590063,0.5766404462366673,23.931884557674792
10358,7,51,765000,1513358,1.9782457516339869,2.0,0.5,0.0,0.0,49.0,1443358.0,29456.285714285714,0.0,0.2857142857142857,0.9607843137254902,45.0,27.607592191618487,0.7096030473684168,23.80535965727106
10240,1,1,10000,82490,8.249,0.0,0.0,0.0,0.0,1.0,82490.0,82490.0,0.0,0.0,1.0,20.0,77.31287990536224,0.774429126449353,23.77234763165219
10608,20,55,165000,645000,3.909090909090909,31.0,0.7741935483870968,0.0,0.22580645161290322,24.0,218000.0,9083.333333333334,0.0,1.55,0.43636363636363634,54.19354838709678,8.513258081468951,0.9327871812727014,23.753185843641585
9620,5,16,800000,2400000,3.0,16.0,0.75,0.125,0.125,0.0,,,0.0,3.2,0.0,58.75,0.0,0.4388055620235812,23.675522224809434
8806,8,4,160000,331000,2.06875,0.0,0.0,0.0,0.0,4.0,331000.0,82750.0,0.0,0.0,1.0,20.0,77.55656215503365,0.22564383862582255,23.60156996645706
10846,1,2,20000,163000,8.15,0.0,0.0,0.0,0.0,2.0,163000.0,81500.0,0.0,0.0,1.0,20.0,76.38501287776728,0.7756125247602206,23.587247585457543
10408,31,110,1100000,8677472,7.888610909090909,0.0,0.0,0.0,0.0,110.0,8677472.0,78886.10909090909,4.0,0.0,1.0,20.0,73.9351712734484,1.882673613113507,23.54010369993508
9741,33,126,1905000,9953708,5.225043569553805,0.0,0.0,0.0,0.0,126.0,9953708.0,78997.68253968254,0.0,0.0,1.0,20.0,74.03974230806654,1.8002552732754231,23.528050570923476
9162,29,43,774000,3417400,4.415245478036176,1.0,0.0,0.0,0.0,42.0,3392650.0,80777.38095238095,0.0,0.034482758620689655,0.9767441860465116,20.0,75.70774581938568,0.8545729012955444,23.483378324395353
9669,90,656,9840000,7810428,0.7937426829268293,76.0,0.5526315789473685,0.11842105263157894,0.09210526315789473,580.0,2591980.0,4468.931034482759,2.0,0.8444444444444444,0.8841463414634146,49.3421052631579,4.18845833888122,6.937459873681521,23.349517722512015
8597,59,23,1150000,7689000,6.68608695652174,23.0,0.6956521739130435,0.08695652173913043,0.0,0.0,,,0.0,0.3898305084745763,0.0,57.391304347826086,0.0,0.8582099226998051,23.29980570821036
8705,12,22,1023000,22000,0.021505376344086023,22.0,0.7272727272727273,0.045454545454545456,0.0,0.0,,,0.0,1.8333333333333333,0.0,57.72727272727273,0.0,0.22204312282553107,23.179726340039306
9944,17,24,540000,1914020,3.5444814814814816,0.0,0.0,0.0,0.0,24.0,1914020.0,79750.83333333333,6.0,0.0,1.0,20.0,74.74562492244587,0.5737452584784303,23.178623087880545
8182,1,4,100000,430300,4.303,4.0,0.75,0.0,0.0,0.0,,,0.0,4.0,0.0,57.49999999999999,0.0,0.4354012945129411,23.174160517805177
10597,31,3,45000,239500,5.322222222222222,0.0,0.0,0.0,0.0,3.0,239500.0,79833.33333333333,0.0,0.0,1.0,20.0,74.82294717474545,0.5206108567857701,23.1728337776634
10246,4,4,80000,320300,4.00375,0.0,0.0,0.0,0.0,4.0,320300.0,80075.0,0.0,0.0,1.0,20.0,75.04944670168362,0.4073068920628034,23.17281209716185
8991,29,34,555000,2690346,4.8474702702702706,0.0,0.0,0.0,0.0,34.0,2690346.0,79127.82352941176,0.0,0.0,1.0,20.0,74.16171557403453,0.8008512544388542,23.152683616582447
9779,1,2,40000,160000,4.0,0.0,0.0,0.0,0.0,2.0,160000.0,80000.0,0.0,0.0,1.0,20.0,74.97915374504764,0.3859992576989956,23.150230452089126
9421,17,4,150000,472582,3.1505466666666666,4.0,0.75,0.0,0.0,0.0,,,0.0,0.23529411764705882,0.0,57.49999999999999,0.0,0.32720584672123043,23.130882338688494
10666,5,2,60000,160000,2.6666666666666665,0.0,0.0,0.0,0.0,2.0,160000.0,80000.0,0.0,0.0,1.0,20.0,74.97915374504764,0.26082230442631293,23.10015967078005
9243,48,56,305000,629000,2.0622950819672132,8.0,0.625,0.0,0.0,48.0,584000.0,12166.666666666666,0.0,0.16666666666666666,0.8571428571428571,51.24999999999999,11.403079632059328,0.7698827621470293,23.088569031270676
9906,36,26,520000,2056698,3.9551884615384614,0.0,0.0,0.0,0.0,26.0,2056698.0,79103.76923076923,0.0,0.0,1.0,20.0,74.13917093708268,0.6332591189996765,23.081137835016406
7986,5,2,150000,160000,1.0666666666666667,0.0,0.0,0.0,0.0,2.0,160000.0,80000.0,0.0,0.0,1.0,20.0,74.97915374504764,0.11060996049909377,23.040074733209167
9650,71,193,17370000,2686650,0.15467184801381692,193.0,0.8341968911917098,0.0,0.31088082901554404,0.0,,,0.0,2.7183098591549295,0.0,55.49222797927461,0.0,2.0262467453500608,23.00738988984987
9413,23,7,350000,759000,2.1685714285714286,7.0,0.7142857142857143,0.14285714285714285,0.14285714285714285,0.0,,,0.0,0.30434782608695654,0.0,57.14285714285715,0.0,0.26644870662483844,22.963722339792795
8732,4,2,50000,158000,3.16,0.0,0.0,0.0,0.0,2.0,158000.0,79000.0,0.0,0.0,1.0,20.0,74.04191432323455,0.3071377771372056,22.93123797550179
7650,33,314,2826000,734000,0.2597310686482661,154.0,0.7532467532467533,0.01948051948051948,0.2597402597402597,160.0,330000.0,2062.5,0.0,4.666666666666667,0.5095541401273885,53.05194805194805,1.9330563074895095,3.303922228269285,22.928959373584835
10615,8,26,520000,2025000,3.894230769230769,0.0,0.0,0.0,0.0,26.0,2025000.0,77884.61538461539,0.0,0.0,1.0,20.0,72.99653189121224,0.6275362453484685,22.850320876381836
8205,124,456,22589000,761000,0.03368896365487627,50.0,0.9,0.0,0.68,406.0,658000.0,1620.6896551724137,0.0,0.4032258064516129,0.8903508771929824,51.4,1.5189742353522582,4.7705465487321765,22.772013466563326
9848,8,2,60000,156000,2.6,0.0,0.0,0.0,0.0,2.0,156000.0,78000.0,0.0,0.0,1.0,20.0,73.10467490142145,0.25456345676267883,22.722760362989362
8741,23,19,500000,1470860,2.94172,0.0,0.0,0.0,0.0,19.0,1470860.0,77413.68421052632,0.0,0.0,1.0,20.0,72.55515662989525,0.4647674386701245,22.6969383014471
9709,3,3,233000,117000,0.5021459227467812,3.0,0.6666666666666666,0.3333333333333333,0.3333333333333333,0.0,,,0.0,1.0,0.0,56.666666666666664,0.0,0.06808900750311819,22.693902269667916
9903,27,104,1040000,7700475,7.404302884615385,1.0,0.0,0.0,0.0,103.0,7660475.0,74373.54368932039,6.0,0.037037037037037035,0.9903846153846154,20.0,69.70581708556963,1.7743387383533038,22.650898912455247
9522,27,446,4014000,9694649,2.4152090184354758,446.0,0.6210762331838565,0.06502242152466367,0.06502242152466367,0.0,,,0.0,16.51851851851852,0.0,51.704035874439455,0.0,4.889352246279955,22.63735524828777
8594,1,1,20000,77000,3.85,0.0,0.0,0.0,0.0,1.0,77000.0,77000.0,0.0,0.0,1.0,20.0,72.16743547960836,0.36143906336445475,22.57806272126745
9799,1,1,25000,77100,3.084,0.0,0.0,0.0,0.0,1.0,77100.0,77100.0,0.0,0.0,1.0,20.0,72.26115942178966,0.2895249037092985,22.568041845841652
8367,17,6,30000,447500,14.916666666666666,0.0,0.0,0.0,0.0,6.0,447500.0,74583.33333333333,0.0,0.0,1.0,20.0,69.9024402102267,1.4527967109845414,22.56160672643916
10524,23,129,258000,1532000,5.937984496124031,47.0,0.5957446808510638,0.0425531914893617,0.06382978723404255,82.0,816000.0,9951.219512195123,4.0,2.0434782608695654,0.6356589147286822,49.787234042553195,9.326675221944951,1.8986214643381134,22.539677247145516
9629,1,1,10000,75000,7.5,0.0,0.0,0.0,0.0,1.0,75000.0,75000.0,0.0,0.0,1.0,20.0,70.29295663598216,0.7041109729484236,22.3402357163758
9886,31,90,465000,6427000,13.821505376344087,0.0,0.0,0.0,0.0,90.0,6427000.0,71411.11111111111,0.0,0.0,1.0,20.0,66.92930848880849,2.2301141114105563,22.27790734232592
9915,1,1,15000,75032,5.002133333333333,0.0,0.0,0.0,0.0,1.0,75032.0,75032.0,0.0,0.0,1.0,20.0,70.32294829748018,0.46960446868737993,22.252431446970988
8616,27,2,30000,150000,5.0,0.0,0.0,0.0,0.0,2.0,150000.0,75000.0,0.0,0.0,1.0,20.0,70.29295663598216,0.4798819726535077,22.250544116257835
8586,93,16,171000,169690,0.9923391812865497,2.0,1.0,0.0,1.0,14.0,153710.0,10979.285714285714,0.0,0.021505376344086023,0.875,50.0,10.290219394777921,0.25032091365496406,22.158172244417567
10866,1,1,10000,74000,7.4,0.0,0.0,0.0,0.0,1.0,74000.0,74000.0,0.0,0.0,1.0,20.0,69.35571721416906,0.6947227014529724,22.149032523415002
8573,30,30,2401000,1744000,0.7263640149937526,30.0,0.8,0.0,0.26666666666666666,0.0,,,0.0,1.0,0.0,54.66666666666667,0.0,0.372039462212016,22.015482451551478
8289,63,419,45333818,42947000,0.9473501658298448,419.0,0.6539379474940334,0.00954653937947494,0.12171837708830549,0.0,,,0.0,6.650793650793651,0.0,50.54892601431982,0.0,4.4686454205604935,22.007028573952127
9803,3,8,80000,582500,7.28125,0.0,0.0,0.0,0.0,8.0,582500.0,72812.5,0.0,0.0,1.0,20.0,68.24274540076601,0.7569186386916729,21.95131653562987
10143,48,91,1365000,6495363,4.758507692307692,0.0,0.0,0.0,0.0,91.0,6495363.0,71377.61538461539,0.0,0.0,1.0,20.0,66.89791497347444,1.389733070298129,21.935476222814142
10670,25,109,4360000,2769500,0.6352064220183486,109.0,0.8165137614678899,0.009174311926605505,0.3761467889908257,0.0,,,0.0,4.36,0.0,53.57798165137615,0.0,1.1912265201125312,21.907683268595473
8873,11,3,60000,219000,3.65,0.0,0.0,0.0,0.0,3.0,219000.0,73000.0,0.0,0.0,1.0,20.0,68.41847779235597,0.3636180945562805,21.829142796293706
9946,11,19,400000,1373595,3.4339875,0.0,0.0,0.0,0.0,19.0,1373595.0,72294.47368421052,3.0,0.0,1.0,20.0,67.75723071607152,0.5109828480539947,21.755839282435904
8613,14,3,150000,1606559,10.710393333333334,3.0,0.6666666666666666,0.0,0.0,0.0,,,0.0,0.21428571428571427,0.0,53.333333333333336,0.0,1.026466989336351,21.743920129067877
7993,18,6,14000,86000,6.142857142857143,4.0,0.5,0.0,0.0,2.0,36000.0,18000.0,0.0,0.2222222222222222,0.3333333333333333,45.0,16.870309592635717,0.6290876523955493,21.62569697948536
8410,1,1,25000,71800,2.872,0.0,0.0,0.0,0.0,1.0,71800.0,71800.0,0.0,0.0,1.0,20.0,67.29379048618026,0.269621768138942,21.566606804491627
9319,45,95,146530,10470,0.0714529447894629,11.0,0.6363636363636364,0.09090909090909091,0.09090909090909091,84.0,10340.0,123.0952380952381,0.0,0.24444444444444444,0.8842105263157894,52.727272727272734,0.11536970978032629,0.991610793826139,21.510627350395612
8113,2,196,1773000,1734640,0.9783643542019177,162.0,0.6172839506172839,0.05555555555555555,0.21604938271604937,34.0,244000.0,7176.470588235294,0.0,81.0,0.17346938775510204,48.20987654320987,6.7260711447763315,2.135010595392778,21.483169084396327
8114,7,10,10000,594000,59.4,0.0,0.0,0.0,0.0,10.0,594000.0,59400.0,0.0,0.0,1.0,20.0,55.67202165569787,5.670923962909874,21.402773916303524
10675,14,153,13770000,1422700,0.10331880900508351,153.0,0.8627450980392157,0.006535947712418301,0.5751633986928104,0.0,,,0.0,10.928571428571429,0.0,51.83006535947713,0.0,1.6023140989721918,21.37295178337973
10391,23,17,680000,613000,0.9014705882352941,7.0,0.42857142857142855,0.0,0.2857142857142857,10.0,370000.0,37000.0,0.0,0.30434782608695654,0.5882352941176471,35.714285714285715,34.67785860708453,0.2522677105265796,21.322193091341823
9308,9,4,40000,242000,6.05,1.0,0.0,0.0,0.0,3.0,207000.0,69000.0,0.0,0.1111111111111111,0.75,20.0,64.66952010510359,0.5994143975384735,21.173669780036104
7818,202,123,660000,1475670,2.235863636363636,20.0,0.5,0.05,0.05,103.0,1306720.0,12686.601941747573,0.0,0.09900990099009901,0.8373983739837398,45.5,11.890383468656388,1.4881895843858906,21.173352527485633
10553,12,4,60000,276300,4.605,0.0,0.0,0.0,0.0,4.0,276300.0,69075.0,1.0,0.0,1.0,20.0,64.73981306173957,0.4637538744292037,21.133464162119598
9526,11,22,250000,1488400,5.9536,0.0,0.0,0.0,0.0,22.0,1488400.0,67654.54545454546,3.0,0.0,1.0,20.0,63.40850706484596,0.7789642714614126,20.99328712155376
10397,4,16,240000,1084803,4.5200125,0.0,0.0,0.0,0.0,16.0,1084803.0,67800.1875,0.0,0.0,1.0,20.0,63.54500853131946,0.5815084622883764,20.94160509117924
5663,148,14,300000,938999,3.1299966666666665,0.0,0.0,0.0,0.0,14.0,938999.0,67071.35714285714,0.0,0.0,1.0,20.0,62.86191998879106,0.43005442784255626,20.744405768895234
9099,53,10,230000,970000,4.217391304347826,10.0,0.5,0.2,0.0,0.0,,,0.0,0.18867924528301888,0.0,51.0,0.0,0.4902308402895851,20.596092336115838
9698,6,2,60000,133000,2.216666666666667,0.0,0.0,0.0,0.0,2.0,133000.0,66500.0,0.0,0.0,1.0,20.0,62.326421550570856,0.21857508269678255,20.552714343192886
8891,60,58,1450000,3771856,2.60128,0.0,0.0,0.0,0.0,58.0,3771856.0,65032.0,0.0,0.0,1.0,20.0,60.95055407934923,0.8414397037542105,20.52668669737153
9198,38,19,475000,1241076,2.6127915789473684,0.0,0.0,0.0,0.0,19.0,1241076.0,65319.78947368421,0.0,0.0,1.0,20.0,61.22028171926891,0.43388674547600253,20.417611042044186
6685,22,28,1503000,1599800,1.0644045242847637,28.0,0.6428571428571429,0.03571428571428571,0.14285714285714285,0.0,,,0.0,1.2727272727272727,0.0,50.35714285714287,0.0,0.38282004880613385,20.2959851623796
10609,22,28,140000,161000,1.15,4.0,0.75,0.0,0.5,24.0,138000.0,5750.0,0.0,0.18181818181818182,0.8571428571428571,47.5,5.389126675425299,0.39085598445410324,20.2341677288667
8738,17,15,375000,965000,2.5733333333333333,0.0,0.0,0.0,0.0,15.0,965000.0,64333.333333333336,0.0,0.0,1.0,20.0,60.295736136642475,0.38827114988495853,20.214455687282477
10189,1,2,60000,127000,2.1166666666666667,0.0,0.0,0.0,0.0,2.0,127000.0,63500.0,0.0,0.0,1.0,20.0,59.51470328513157,0.20918681120133137,19.986615381506844
10406,23,2,1000000,52680000,52.68,2.0,0.5,0.0,0.0,0.0,,,0.0,0.08695652173913043,0.0,45.0,0.0,4.95620982168464,19.982483928673854
9149,6,4,80000,251920,3.149,0.0,0.0,0.0,0.0,4.0,251920.0,62980.0,0.0,0.0,1.0,20.0,59.02733878578875,0.3270606414554342,19.936292013739923
10132,19,103,550000,6080000,11.054545454545455,0.0,0.0,0.0,0.0,103.0,6080000.0,59029.12621359223,0.0,0.0,1.0,20.0,55.32442412255942,2.10655563396951,19.90750707809969
9970,24,3,30000,186000,6.2,0.0,0.0,0.0,0.0,3.0,186000.0,62000.0,0.0,0.0,1.0,20.0,58.10884415241192,0.6030190176902862,19.862976437558498
9057,57,113,7347818,13273000,1.806386603478747,113.0,0.584070796460177,0.04424778761061947,0.11504424778761062,0.0,,,0.0,1.9824561403508771,0.0,48.23008849557523,0.0,1.3430912436144078,19.82927189567586
9100,54,24,1235000,2050000,1.6599190283400809,24.0,0.6666666666666666,0.0,0.20833333333333334,0.0,,,0.0,0.4444444444444444,0.0,49.166666666666664,0.0,0.3968174188761803,19.82539363421714
10732,20,20,66000,1174000,17.78787878787879,0.0,0.0,0.0,0.0,20.0,1174000.0,58700.0,0.0,0.0,1.0,20.0,55.015954060428705,1.8690429194133367,19.750807979851075
8702,74,6,30000,360000,12.0,0.0,0.0,0.0,0.0,6.0,360000.0,60000.0,0.0,0.0,1.0,20.0,56.234365308785726,1.1789721257005483,19.718461912037366
9143,1,1,10000,61000,6.1,0.0,0.0,0.0,0.0,1.0,61000.0,61000.0,0.0,0.0,1.0,20.0,57.17160473059882,0.5726751720121068,19.663391014924606
9995,7,15,750000,750000,1.0,15.0,0.6,0.0,0.06666666666666667,0.0,,,0.0,2.142857142857143,0.0,48.66666666666667,0.0,0.240562345023193,19.562891604675947
10414,50,12,600000,5363960,8.939933333333334,12.0,0.5,0.08333333333333333,0.0,0.0,,,0.0,0.24,0.0,47.5,0.0,0.9545514816402626,19.381820592656105
9951,1,1,30000,60200,2.006666666666667,0.0,0.0,0.0,0.0,1.0,60200.0,60200.0,0.0,0.0,1.0,20.0,56.42181319314835,0.18838192546497096,19.35971540881566
9746,40,129,260000,1840000,7.076923076923077,17.0,0.35294117647058826,0.058823529411764705,0.0,112.0,1654000.0,14767.857142857143,1.0,0.425,0.8682170542635659,39.411764705882355,13.841017889989821,2.0055481104699666,19.335128704538896
5736,39,70,209880,2120,0.010101010101010102,20.0,0.55,0.1,0.15,50.0,1500.0,30.0,3.0,0.5128205128205128,0.7142857142857143,47.50000000000001,0.028117182654392867,0.7239062303457726,19.29518592866919
6314,90,25,245000,1454940,5.9385306122448975,0.0,0.0,0.0,0.0,25.0,1454940.0,58197.6,0.0,0.0,1.0,20.0,54.545084974909805,0.8089828777003535,19.232610146062104
9705,91,171,18745090,18847454,1.0054608433461776,171.0,0.5789473684210527,0.011695906432748537,0.17543859649122806,0.0,,,0.0,1.879120879120879,0.0,45.78947368421053,0.0,1.8756098100752743,19.06603339771432
9898,75,128,14967000,7774000,0.5194093672746709,126.0,0.626984126984127,0.007936507936507936,0.30158730158730157,2.0,2000.0,1000.0,0.0,1.68,0.015625,45.55555555555556,0.9372394218130955,1.3794331329653764,18.961443359770996
7081,1,1,15000,57000,3.8,0.0,0.0,0.0,0.0,1.0,57000.0,57000.0,0.0,0.0,1.0,20.0,53.42264704334644,0.3567449276167291,18.82722737971598
9553,16,4,50000,227000,4.54,0.0,0.0,0.0,0.0,4.0,227000.0,56750.0,0.0,0.0,1.0,20.0,53.18833718789316,0.45765149795716037,18.820728036761498
10516,29,6,12000,313000,26.083333333333332,0.0,0.0,0.0,0.0,6.0,313000.0,52166.666666666664,0.0,0.0,1.0,20.0,48.892656504583144,2.501153694643259,18.778992778773933
10540,24,114,230000,1410000,6.130434782608695,47.0,0.40425531914893614,0.0,0.02127659574468085,67.0,764000.0,11402.985074626866,0.0,1.9583333333333333,0.5877192982456141,39.78723404255319,10.68732713828664,1.7595224133566054,18.756168010021245
10138,7,2,30000,113000,3.7666666666666666,0.0,0.0,0.0,0.0,2.0,113000.0,56500.0,0.0,0.0,1.0,20.0,52.95402733243989,0.3640932908762762,18.736442782838488
10749,13,5,25000,274000,10.96,0.0,0.0,0.0,0.0,5.0,274000.0,54800.0,0.0,0.0,1.0,20.0,51.36072031535763,1.0708563150564916,18.700486589094126
8571,29,32,1697000,2439491,1.437531526222746,32.0,0.53125,0.03125,0.0625,0.0,,,0.0,1.103448275862069,0.0,46.25,0.0,0.4597613731363655,18.683904549254546
7553,29,2,20000,110000,5.5,0.0,0.0,0.0,0.0,2.0,110000.0,55000.0,0.0,0.0,1.0,20.0,51.54816819972026,0.5268233301307638,18.52036297199636
10605,1,1,10000,55000,5.5,0.0,0.0,0.0,0.0,1.0,55000.0,55000.0,0.0,0.0,1.0,20.0,51.54816819972026,0.5163455430393996,18.51617185715981
8704,16,2,20000,109640,5.482,0.0,0.0,0.0,0.0,2.0,109640.0,54820.0,0.0,0.0,1.0,20.0,51.3794651037939,0.5251334412615825,18.48594639726341
10734,11,3,15000,161000,10.733333333333333,0.0,0.0,0.0,0.0,3.0,161000.0,53666.666666666664,0.0,0.0,1.0,20.0,50.298515637302785,1.0286206588174072,18.471151390987522
8469,3,2,80000,111000,1.3875,0.0,0.0,0.0,0.0,2.0,111000.0,55500.0,0.0,0.0,1.0,20.0,52.016787910626796,0.14073066488033303,18.459649848077493
10059,1,1,15000,55000,3.6666666666666665,0.0,0.0,0.0,0.0,1.0,55000.0,55000.0,0.0,0.0,1.0,20.0,51.54816819972026,0.3442272322894609,18.447324532859838
10005,1,1,44000,55000,1.25,0.0,0.0,0.0,0.0,1.0,55000.0,55000.0,0.0,0.0,1.0,20.0,51.54816819972026,0.11734400448272353,18.356571241737143
9020,70,175,231710,293389,1.2661904967416167,10.0,0.5,0.0,0.1,165.0,293269.0,1777.387878787879,1.0,0.14285714285714285,0.9428571428571428,43.00000000000001,1.6658379878527558,1.9419989661706434,18.30996718403881
9560,8,3,30000,160599,5.3533,0.0,0.0,0.0,0.0,3.0,160599.0,53533.0,0.0,0.0,1.0,20.0,50.173237967920436,0.5235285229383009,18.24405900275941
7832,136,6,90000,322000,3.577777777777778,0.0,0.0,0.0,0.0,6.0,322000.0,53666.666666666664,0.0,0.0,1.0,20.0,50.298515637302785,0.3882710375281026,18.2150115424718
9230,1,2,20000,100000,5.0,2.0,0.5,0.0,0.0,0.0,,,0.0,2.0,0.0,45.0,0.0,0.4798819726535077,18.191952789061403
8294,6,3,30000,159000,5.3,0.0,0.0,0.0,0.0,3.0,159000.0,53000.0,0.0,0.0,1.0,20.0,49.67368935609406,0.5185245742312254,18.142147700911305
7068,32,4,120000,396000,3.3,4.0,0.5,0.0,0.0,0.0,,,0.0,0.125,0.0,45.0,0.0,0.3412369314135654,18.136494772565428
8717,9,4,186000,4000,0.021505376344086023,4.0,0.5,0.0,0.0,0.0,,,0.0,0.4444444444444444,0.0,45.0,0.0,0.03344295518097716,18.01337718207239
10533,16,4,75000,175500,2.34,1.0,0.0,0.0,0.0,3.0,158500.0,52833.333333333336,0.0,0.0625,0.75,20.0,49.51748278579188,0.2511095250572339,18.003940367181272
6811,22,26,1996000,2104000,1.0541082164328657,26.0,0.5384615384615384,0.0,0.11538461538461539,0.0,,,0.0,1.1818181818181819,0.0,44.61538461538461,0.0,0.360897829288262,17.99051297786915
8593,1,1,40000,53000,1.325,0.0,0.0,0.0,0.0,1.0,53000.0,53000.0,0.0,0.0,1.0,20.0,49.67368935609406,0.12438520810431192,17.98449195446054
9993,1,1,44000,53000,1.2045454545454546,0.0,0.0,0.0,0.0,1.0,53000.0,53000.0,0.0,0.0,1.0,20.0,49.67368935609406,0.11307660834842753,17.979968514558184
10197,24,32,2240000,16451640,7.344482142857143,32.0,0.46875,0.03125,0.03125,0.0,,,0.0,1.3333333333333333,0.0,43.75,0.0,1.0143219341282315,17.905728773651294
10161,6,2,4000,96000,24.0,0.0,0.0,0.0,0.0,2.0,96000.0,48000.0,0.0,0.0,1.0,20.0,44.987492247028584,2.263653556789236,17.902959872121414
8173,12,6,300000,315000,1.05,0.0,0.0,0.0,0.0,6.0,315000.0,52500.0,0.0,0.0,1.0,20.0,49.20506964518751,0.15095639694864166,17.901396487816957
10396,59,120,134640,1360,0.010101010101010102,31.0,0.41935483870967744,0.0967741935483871,0.03225806451612903,89.0,1040.0,11.685393258426966,8.0,0.5254237288135594,0.7416666666666667,43.225806451612904,0.010952011221186735,1.247795584913978,17.791631216854995
10607,1,1,5000,50000,10.0,0.0,0.0,0.0,0.0,1.0,50000.0,50000.0,0.0,0.0,1.0,20.0,46.86197109065478,0.9388177603347037,17.747921322264837
10839,1,1,10000,50000,5.0,0.0,0.0,0.0,0.0,1.0,50000.0,50000.0,0.0,0.0,1.0,20.0,46.86197109065478,0.4694041855621436,17.560155892355816
10222,3,2,50000,100999,2.01998,0.0,0.0,0.0,0.0,2.0,100999.0,50499.5,0.0,0.0,1.0,20.0,47.33012218185041,0.20010960443476275,17.546068278143988
7448,18,2,40000,100000,2.5,0.0,0.0,0.0,0.0,2.0,100000.0,50000.0,0.0,0.0,1.0,20.0,46.86197109065478,0.24517518526722765,17.470464292237846
10093,1,1,25000,50000,2.0,0.0,0.0,0.0,0.0,1.0,50000.0,50000.0,0.0,0.0,1.0,20.0,46.86197109065478,0.18775604069860755,17.4474966344104
10284,1,2,40000,99496,2.4874,0.0,0.0,0.0,0.0,2.0,99496.0,49748.0,0.0,0.0,1.0,20.0,46.625786756357876,0.24399226305880078,17.422754256495097
9928,36,46,3220000,2454000,0.762111801242236,46.0,0.45652173913043476,0.06521739130434782,0.10869565217391304,0.0,,,0.0,1.2777777777777777,0.0,42.608695652173914,0.0,0.5430401549004629,17.260694322829753
8722,28,210,3165000,9249840,2.9225402843601898,0.0,0.0,0.0,0.0,210.0,9249840.0,44046.857142857145,0.0,0.0,1.0,20.0,41.282450921255446,2.464224129344348,17.242179835988832
9527,8,8,120000,387752,3.2312666666666665,0.0,0.0,0.0,0.0,8.0,387752.0,48469.0,2.0,0.0,1.0,20.0,45.42705753585892,0.37669520783781507,17.23608959030691
7070,71,4,60000,193100,3.2183333333333333,0.0,0.0,0.0,0.0,4.0,193100.0,48275.0,0.0,0.0,1.0,20.0,45.245233088027184,0.3335698430256136,17.182474554815684
10541,17,11,55000,509930,9.271454545454546,0.0,0.0,0.0,0.0,11.0,509930.0,46357.27272727273,0.0,0.0,1.0,20.0,43.447863487741074,0.9751978060078483,17.079651819951355
10548,24,9,90000,760000,8.444444444444445,1.0,0.0,0.0,0.0,8.0,370000.0,46250.0,0.0,0.041666666666666664,0.8888888888888888,20.0,43.34732325885567,0.8766002782474867,17.02010476307013
9637,1,1,15000,47450,3.1633333333333336,0.0,0.0,0.0,0.0,1.0,47450.0,47450.0,0.0,0.0,1.0,20.0,44.472010565031376,0.2969729324290232,17.013191285977886
10529,16,8,160000,375500,2.346875,0.0,0.0,0.0,0.0,8.0,375500.0,46937.5,0.0,0.0,1.0,20.0,43.991675361352165,0.2936661170880026,16.915801519105635
10556,13,4,60000,186000,3.1,0.0,0.0,0.0,0.0,4.0,186000.0,46500.0,0.0,0.0,1.0,20.0,43.581633114308936,0.32246038842266306,16.84531077823085
9988,5,3,30000,138200,4.6066666666666665,0.0,0.0,0.0,0.0,3.0,138200.0,46066.666666666664,0.0,0.0,1.0,20.0,43.17549603152327,0.4534325585294304,16.816472229716425
10555,1,1,15000,46000,3.066666666666667,0.0,0.0,0.0,0.0,1.0,46000.0,46000.0,0.0,0.0,1.0,20.0,43.11301340340239,0.2878976033167537,16.737761722007182
9747,34,11,55000,485000,8.818181818181818,0.0,0.0,0.0,0.0,11.0,485000.0,44090.90909090909,0.0,0.0,1.0,20.0,41.32373814357739,0.9326433317566486,16.637804961418137
10206,1,1,10000,45000,4.5,0.0,0.0,0.0,0.0,1.0,45000.0,45000.0,0.0,0.0,1.0,20.0,42.1757739815893,0.42246282808488755,16.604139927551817
9994,2,2,10000,88000,8.8,0.0,0.0,0.0,0.0,2.0,88000.0,44000.0,1.0,0.0,1.0,20.0,41.238534559776205,0.8366362894806535,16.582361427747504
10237,1,5,75000,225000,3.0,0.0,0.0,0.0,0.0,5.0,225000.0,45000.0,0.0,0.0,1.0,20.0,42.1757739815893,0.3235499040185759,16.56457475792529
10858,1,1,5000,43000,8.6,0.0,0.0,0.0,0.0,1.0,43000.0,43000.0,0.0,0.0,1.0,20.0,40.30129513796311,0.8073819593983866,16.383211811351977
9513,3,2,30000,88000,2.933333333333333,0.0,0.0,0.0,0.0,2.0,88000.0,44000.0,0.0,0.0,1.0,20.0,41.238534559776205,0.28585769508084946,16.362049989987582
9905,33,4,100000,172974,1.72974,0.0,0.0,0.0,0.0,4.0,172974.0,43243.5,0.0,0.0,1.0,20.0,40.529512937174594,0.19381665942909346,16.183429251206555
10208,5,4,40000,170930,4.27325,0.0,0.0,0.0,0.0,4.0,170930.0,42732.5,0.0,0.0,1.0,20.0,40.0505835926281,0.4326082837430443,16.18316003202284
10217,1,1,15000,43000,2.8666666666666667,0.0,0.0,0.0,0.0,1.0,43000.0,43000.0,0.0,0.0,1.0,20.0,40.30129513796311,0.26912106032585126,16.16790745172296
9557,16,37,370000,1549350,4.187432432432432,0.0,0.0,0.0,0.0,37.0,1549350.0,41874.32432432433,0.0,0.0,1.0,20.0,39.24626751854377,0.7703184715240242,16.157380892318365
10205,7,9,90000,380000,4.222222222222222,0.0,0.0,0.0,0.0,9.0,380000.0,42222.22222222222,0.0,0.0,1.0,20.0,39.572331143219586,0.4802065928839915,16.106548865797514
7555,1,1,10000,42000,4.2,0.0,0.0,0.0,0.0,1.0,42000.0,42000.0,0.0,0.0,1.0,20.0,39.36405571615001,0.394298013598534,16.030530348669416
7072,2,2,20000,83000,4.15,0.0,0.0,0.0,0.0,2.0,83000.0,41500.0,0.0,0.0,1.0,20.0,38.89543600524346,0.40008166494217257,15.939119867025562
9615,15,8,80000,330793,4.1349125,0.0,0.0,0.0,0.0,8.0,330793.0,41349.125,0.0,0.0,1.0,20.0,38.75403000747741,0.461531932028481,15.935418774306877
8739,2,2,80000,84000,1.05,0.0,0.0,0.0,0.0,2.0,84000.0,42000.0,0.0,0.0,1.0,20.0,39.36405571615001,0.10904524858318523,15.916429242663277
10487,19,5,50000,578000,11.56,1.0,0.0,0.0,0.0,4.0,158000.0,39500.0,0.0,0.05263157894736842,0.8,20.0,37.020957161617275,1.1271859440291987,15.855065809935134
10852,1,1,5000,40000,8.0,0.0,0.0,0.0,0.0,1.0,40000.0,40000.0,0.0,0.0,1.0,20.0,37.48957687252382,0.7510523304256796,15.798336306675036
9816,4,8,120000,327000,2.725,0.0,0.0,0.0,0.0,8.0,327000.0,40875.0,0.0,0.0,1.0,20.0,38.30966136661028,0.3291655186801775,15.793598480794126
10753,16,129,655000,4772775,7.286679389312977,1.0,0.0,0.0,0.0,128.0,4767775.0,37248.2421875,27.0,0.0625,0.9922480620155039,20.0,34.91052097136665,2.025240602555977,15.79220043529572
9640,8,6,120000,246000,2.05,0.0,0.0,0.0,0.0,6.0,246000.0,41000.0,0.0,0.0,1.0,20.0,38.426816294336916,0.24483911190315366,15.783298903628644
5664,61,4,60000,163000,2.716666666666667,0.0,0.0,0.0,0.0,4.0,163000.0,40750.0,0.0,0.0,1.0,20.0,38.19250643888364,0.2864720143567668,15.753090093519436
10178,5,2,30000,81000,2.7,0.0,0.0,0.0,0.0,2.0,81000.0,40500.0,0.0,0.0,1.0,20.0,37.958196583430365,0.26395172825813007,15.697220007989326
9795,1,5,50000,200000,4.0,0.0,0.0,0.0,0.0,5.0,200000.0,40000.0,0.0,0.0,1.0,20.0,37.48957687252382,0.4174326189730879,15.664888422093998
8635,1,2,20000,80000,4.0,0.0,0.0,0.0,0.0,2.0,80000.0,40000.0,0.0,0.0,1.0,20.0,37.48957687252382,0.3859992576989956,15.652315077584362
8270,1,1,10000,40000,4.0,0.0,0.0,0.0,0.0,1.0,40000.0,40000.0,0.0,0.0,1.0,20.0,37.48957687252382,0.3755214706076315,15.648123962747817
7057,1,1,10000,40000,4.0,0.0,0.0,0.0,0.0,1.0,40000.0,40000.0,0.0,0.0,1.0,20.0,37.48957687252382,0.3755214706076315,15.648123962747817
7067,17,2,40000,120000,3.0,1.0,0.0,0.0,0.0,1.0,40000.0,40000.0,0.0,0.058823529411764705,0.5,20.0,37.48957687252382,0.2921165427444836,15.614761991602558
10244,1,1,15000,40000,2.6666666666666665,0.0,0.0,0.0,0.0,1.0,40000.0,40000.0,0.0,0.0,1.0,20.0,37.48957687252382,0.25034451733494884,15.598053181438743
7872,2,1,20000,40000,2.0,0.0,0.0,0.0,0.0,1.0,40000.0,40000.0,0.0,0.0,1.0,20.0,37.48957687252382,0.18775604069860755,15.573017790784206
8485,1,2,60000,78000,1.3,1.0,0.0,0.0,0.0,1.0,40000.0,40000.0,0.0,1.0,0.5,20.0,37.48957687252382,0.13251592732181325,15.55092174543349
9422,25,62,640000,740000,1.15625,8.0,0.25,0.0,0.0,54.0,640000.0,11851.851851851852,4.0,0.32,0.8709677419354839,32.5,11.108022777044095,0.7476875125289485,15.520679560420398
8857,9,6,60000,234999,3.91665,0.0,0.0,0.0,0.0,6.0,234999.0,39166.5,0.0,0.0,1.0,20.0,36.7083878144426,0.42008528177299354,15.509711675597718
10481,21,15,150000,584000,3.8933333333333335,0.0,0.0,0.0,0.0,15.0,584000.0,38933.333333333336,0.0,0.0,1.0,20.0,36.48985482258985,0.5121963336249145,15.502849497967935
8966,1,1,25000,39000,1.56,0.0,0.0,0.0,0.0,1.0,39000.0,39000.0,0.0,0.0,1.0,20.0,36.55233745071072,0.14644764611862227,15.369046548589594
10204,4,2,20000,77000,3.85,0.0,0.0,0.0,0.0,2.0,77000.0,38500.0,0.0,0.0,1.0,20.0,36.08371773980418,0.37191685045581885,15.365510288143163
9583,35,10,100000,381000,3.81,0.0,0.0,0.0,0.0,10.0,381000.0,38100.0,0.0,0.0,1.0,20.0,35.70882197107893,0.4519838385885512,15.322557929651207
9981,29,311,1565000,9593153,6.129810223642172,0.0,0.0,0.0,0.0,311.0,9593153.0,30846.151125401928,22.0,0.0,1.0,20.0,28.91022884593107,3.823587835063909,15.311480903211779
8967,5,5,5990,165760,27.67278797996661,0.0,0.0,0.0,0.0,5.0,165760.0,33152.0,0.0,0.0,1.0,20.0,31.071361311947744,2.6398982250748917,15.270231552419506
8673,1,1,10000,38000,3.8,0.0,0.0,0.0,0.0,1.0,38000.0,38000.0,0.0,0.0,1.0,20.0,35.61509802889763,0.3567449276167291,15.265717576826217
10055,1,1,10000,38000,3.8,0.0,0.0,0.0,0.0,1.0,38000.0,38000.0,0.0,0.0,1.0,20.0,35.61509802889763,0.3567449276167291,15.265717576826217
9572,10,287,1445000,8906348,6.163562629757785,1.0,0.0,0.0,0.0,286.0,8901348.0,31123.594405594406,5.0,0.1,0.9965156794425087,20.0,29.170259625444594,3.5752897123935505,15.264167810046338
9477,4,4,40000,150000,3.75,0.0,0.0,0.0,0.0,4.0,150000.0,37500.0,0.0,0.0,1.0,20.0,35.14647831799108,0.38348415314309586,15.182689324855454
10478,15,10,100000,366000,3.66,1.0,0.0,0.0,0.0,9.0,336000.0,37333.333333333336,0.0,0.06666666666666667,0.9,20.0,34.9902717476889,0.43790143134537446,15.173214922075932
10462,7,5,20000,180000,9.0,0.0,0.0,0.0,0.0,5.0,180000.0,36000.0,0.0,0.0,1.0,20.0,33.740619185271434,0.886846193745648,15.102862314552546
9820,3,4,60000,149000,2.4833333333333334,0.0,0.0,0.0,0.0,4.0,149000.0,37250.0,0.0,0.0,1.0,20.0,34.91216846253781,0.2645660475340473,15.088260111521182
8497,10,2,20000,74000,3.7,0.0,0.0,0.0,0.0,2.0,74000.0,37000.0,0.0,0.0,1.0,20.0,34.67785860708453,0.3578344432126421,15.078705498701963
9036,13,3,45000,482000,10.71111111111111,3.0,0.3333333333333333,0.0,0.0,0.0,,,0.0,0.23076923076923078,0.0,36.66666666666667,0.0,1.0265343762628625,15.077280417171815
10618,9,4,60000,148000,2.466666666666667,0.0,0.0,0.0,0.0,4.0,148000.0,37000.0,0.0,0.0,1.0,20.0,34.67785860708453,0.26300133561813877,15.040772255664162
9551,12,2,20000,209000,10.45,1.0,0.0,0.0,0.0,1.0,35000.0,35000.0,0.0,0.08333333333333333,0.5,20.0,32.80337976345834,0.9915427691555981,14.957293060353907
9952,34,104,2080000,3574268,1.718398076923077,0.0,0.0,0.0,0.0,104.0,3574268.0,34367.96153846154,0.0,0.0,1.0,20.0,32.2110084012024,1.2405305580342374,14.938413903454174
10306,7,5,200000,50000,0.25,4.0,0.25,0.0,0.0,1.0,10000.0,10000.0,0.0,0.5714285714285714,0.2,32.5,9.372394218130955,0.06537243789366794,14.900627818783658
10528,25,128,2560000,4288910,1.67535546875,1.0,0.0,0.0,0.0,127.0,4258910.0,33534.72440944882,0.0,0.04,0.9921875,20.0,31.43006571617331,1.4879564913129644,14.881195739759848
8826,11,7,28000,240300,8.582142857142857,0.0,0.0,0.0,0.0,7.0,240300.0,34328.57142857143,0.0,0.0,1.0,20.0,32.17409043738383,0.8685722048938123,14.782246969434292
10831,3,3,150000,375458,2.5030533333333334,3.0,0.3333333333333333,0.0,0.0,0.0,,,0.0,1.0,0.0,36.66666666666667,0.0,0.25593962758158617,14.769042517699305
8864,11,4,40000,140600,3.515,0.0,0.0,0.0,0.0,4.0,140600.0,35150.0,0.0,0.0,1.0,20.0,32.94396567673031,0.3614217151287855,14.733361821397576
9622,3,3,150000,150000,1.0,3.0,0.3333333333333333,0.0,0.0,0.0,,,0.0,1.0,0.0,36.66666666666667,0.0,0.11482889992682373,14.712598226637398
8488,19,3,30000,105000,3.5,0.0,0.0,0.0,0.0,3.0,105000.0,35000.0,0.0,0.0,1.0,20.0,32.80337976345834,0.34953568731310375,14.700490227616909
9558,5,3,120000,70000,0.5833333333333334,3.0,0.3333333333333333,0.0,0.0,0.0,,,0.0,0.6,0.0,36.66666666666667,0.0,0.0757111020291104,14.696951107478315
8468,1,1,10000,35000,3.5,0.0,0.0,0.0,0.0,1.0,35000.0,35000.0,0.0,0.0,1.0,20.0,32.80337976345834,0.32858011313037555,14.692107997943818
10203,5,9,135000,315000,2.3333333333333335,0.0,0.0,0.0,0.0,9.0,315000.0,35000.0,0.0,0.0,1.0,20.0,32.80337976345834,0.30287257574769105,14.681824982990744
9815,7,7,105000,245000,2.3333333333333335,0.0,0.0,0.0,0.0,7.0,245000.0,35000.0,0.0,0.0,1.0,20.0,32.80337976345834,0.28191700156496285,14.673442753317653
9639,9,3,60000,105292,1.7548666666666666,0.0,0.0,0.0,0.0,3.0,105292.0,35097.333333333336,0.0,0.0,1.0,20.0,32.89460440051482,0.18569783202215304,14.653200012911826
9790,1,2,30000,70000,2.3333333333333335,0.0,0.0,0.0,0.0,2.0,70000.0,35000.0,0.0,0.0,1.0,20.0,32.80337976345834,0.2295280661081423,14.652487179134924
10652,1,7,231000,245800,1.0640692640692642,0.0,0.0,0.0,0.0,7.0,245800.0,35114.28571428572,0.0,0.0,1.0,20.0,32.910492840236984,0.16275504474824024,14.647200585946692
9358,6,53,212000,1713000,8.080188679245284,0.0,0.0,0.0,0.0,53.0,1713000.0,32320.754716981133,0.0,0.0,1.0,20.0,30.292285463506275,1.3034255900927767,14.579827328738366
10626,1,2,30000,69000,2.3,0.0,0.0,0.0,0.0,2.0,69000.0,34500.0,0.0,0.0,1.0,20.0,32.33476005255179,0.2263986422763252,14.557511467420888
7833,126,6,150000,207000,1.38,0.0,0.0,0.0,0.0,6.0,207000.0,34500.0,0.0,0.0,1.0,20.0,32.33476005255179,0.18193769288363063,14.53972708766381
9972,1,1,10000,34000,3.4,0.0,0.0,0.0,0.0,1.0,34000.0,34000.0,0.0,0.0,1.0,20.0,31.866140341645245,0.31919184163492437,14.500904804983017
9403,7,51,765000,1661300,2.1716339869281045,0.0,0.0,0.0,0.0,51.0,1661300.0,32574.50980392157,0.0,0.0,1.0,20.0,30.530114734472463,0.7277588599380905,14.397126490869729
10241,1,3,60000,100506,1.6751,0.0,0.0,0.0,0.0,3.0,100506.0,33502.0,0.0,0.0,1.0,20.0,31.399395109582322,0.1782091207926148,14.35116267023351
9472,1,1,9000,33000,3.6666666666666665,0.0,0.0,0.0,0.0,1.0,33000.0,33000.0,0.0,0.0,1.0,20.0,30.928900919832152,0.3442272322894609,14.323471076882216
10482,1,1,10000,33000,3.3,0.0,0.0,0.0,0.0,1.0,33000.0,33000.0,0.0,0.0,1.0,20.0,30.928900919832152,0.30980357013947313,14.30970161202222
9984,32,9,90000,293000,3.2555555555555555,0.0,0.0,0.0,0.0,9.0,293000.0,32555.555555555555,0.0,0.0,1.0,20.0,30.512350065692996,0.38945330176129656,14.258251333843118
10619,5,2,30000,54000,1.8,1.0,0.0,0.0,0.0,1.0,33000.0,33000.0,0.0,0.2,0.5,20.0,30.928900919832152,0.17945728479906922,14.257563097886058
9309,20,3,30000,96000,3.2,0.0,0.0,0.0,0.0,3.0,96000.0,32000.0,0.0,0.0,1.0,20.0,29.991661498019056,0.32137087282675014,14.126880648734511
8489,1,1,10000,32000,3.2,0.0,0.0,0.0,0.0,1.0,32000.0,32000.0,0.0,0.0,1.0,20.0,29.991661498019056,0.30041529864402194,14.118498419061421
8827,12,33,264000,1027750,3.8929924242424243,0.0,0.0,0.0,0.0,33.0,1027750.0,31143.939393939392,0.0,0.0,1.0,20.0,29.18932775055784,0.7007644957984611,14.118171348430954
6606,120,7,70000,223000,3.1857142857142855,0.0,0.0,0.0,0.0,7.0,223000.0,31857.14285714286,0.0,0.0,1.0,20.0,29.85777015204576,0.3619408395499992,14.116330366229151
9807,4,4,60000,128000,2.1333333333333333,0.0,0.0,0.0,0.0,4.0,128000.0,32000.0,0.0,0.0,1.0,20.0,29.991661498019056,0.23170709729996808,14.0910151385238
9570,30,160,810000,4445541,5.488322222222222,0.0,0.0,0.0,0.0,160.0,4445541.0,27784.63125,59.0,0.0,1.0,20.0,26.040851728040064,2.1812173490838793,14.080657285241566
9638,8,4,75000,128000,1.7066666666666668,0.0,0.0,0.0,0.0,4.0,128000.0,32000.0,0.0,0.0,1.0,20.0,29.991661498019056,0.19165047225270965,14.074992488504895
10095,1,1,25000,32000,1.28,0.0,0.0,0.0,0.0,1.0,32000.0,32000.0,0.0,0.0,1.0,20.0,29.991661498019056,0.1201604859313589,14.046396493976355
9732,87,99,8135000,9175000,1.1278426551936078,99.0,0.30303030303030304,0.0,0.06060606060606061,0.0,,,0.0,1.1379310344827587,0.0,33.939393939393945,0.0,1.1326986762543474,14.028837046259317
8854,1,1,10000,31000,3.1,0.0,0.0,0.0,0.0,1.0,31000.0,31000.0,0.0,0.0,1.0,20.0,29.05442207620596,0.29102702714857076,13.92729522610062
10062,11,12,60000,360000,6.0,0.0,0.0,0.0,0.0,12.0,360000.0,30000.0,0.0,0.0,1.0,20.0,28.117182654392863,0.6785425585216607,13.894853554287238
9979,29,156,790000,4199000,5.315189873417721,0.0,0.0,0.0,0.0,156.0,4199000.0,26916.666666666668,63.0,0.0,1.0,20.0,25.227361103802487,2.123052065766205,13.89469304706698
10202,4,5,50000,153000,3.06,0.0,0.0,0.0,0.0,5.0,153000.0,30600.0,0.0,0.0,1.0,20.0,28.679526307480725,0.32918286691584664,13.867578408262485
9150,29,4,60000,121000,2.0166666666666666,0.0,0.0,0.0,0.0,4.0,121000.0,30250.0,0.0,0.0,1.0,20.0,28.35149250984614,0.22075411388860836,13.758600147524671
9514,1,6,60000,180000,3.0,0.0,0.0,0.0,0.0,6.0,180000.0,30000.0,0.0,0.0,1.0,20.0,28.117182654392863,0.33402769110994,13.75704760732255
9581,21,2,20000,68000,3.4,1.0,0.0,0.0,0.0,1.0,30000.0,30000.0,0.0,0.047619047619047616,0.5,20.0,28.117182654392863,0.32966962872628847,13.755304382369088
9313,1,1,10000,30000,3.0,0.0,0.0,0.0,0.0,1.0,30000.0,30000.0,0.0,0.0,1.0,20.0,28.117182654392863,0.2816387556531195,13.73609203313982
8290,103,234,1210000,5693710,4.7055454545454545,0.0,0.0,0.0,0.0,234.0,5693710.0,24332.094017094016,0.0,0.0,1.0,20.0,22.804997728083077,2.883084385692011,13.71423329989342
8959,102,2,30000,60000,2.0,0.0,0.0,0.0,0.0,2.0,60000.0,30000.0,0.0,0.0,1.0,20.0,28.117182654392863,0.19823382778997164,13.702730061994561
8590,16,13,650000,1720000,2.646153846153846,13.0,0.23076923076923078,0.07692307692307693,0.0,0.0,,,0.0,0.8125,0.0,33.84615384615385,0.0,0.37415216315019995,13.68812240372162
9528,4,3,45000,88000,1.9555555555555555,0.0,0.0,0.0,0.0,3.0,88000.0,29333.333333333332,0.0,0.0,1.0,20.0,27.492356373184133,0.20453904977224632,13.580286894545726
6586,1,1,10000,29000,2.9,0.0,0.0,0.0,0.0,1.0,29000.0,29000.0,0.0,0.0,1.0,20.0,27.179943232579767,0.2722504841576683,13.544888840179022
7845,58,2,40000,58000,1.45,0.0,0.0,0.0,0.0,2.0,58000.0,29000.0,0.0,0.0,1.0,20.0,27.179943232579767,0.14659833456499002,13.49462798034195
10201,7,8,8000,192000,24.0,0.0,0.0,0.0,0.0,8.0,192000.0,24000.0,0.0,0.0,1.0,20.0,22.493746123514292,2.3265202793374207,13.429357336437828
8324,1,4,100000,1088000,10.88,4.0,0.25,0.0,0.0,0.0,,,0.0,4.0,0.0,32.5,0.0,1.0528679107687666,13.421147164307506
9305,31,63,252000,1631350,6.473611111111111,0.0,0.0,0.0,0.0,63.0,1631350.0,25894.444444444445,0.0,0.0,1.0,20.0,24.269294139282437,1.2573735971249644,13.356808266706473
9318,31,42,630000,1223050,1.9413492063492064,1.0,0.0,0.0,0.0,41.0,1113050.0,27147.560975609755,0.0,0.03225806451612903,0.9761904761904762,20.0,25.443764352416242,0.6118390157023625,13.333488476764193
8206,15,26,28000,592000,21.142857142857142,0.0,0.0,0.0,0.0,26.0,592000.0,22769.23076923077,0.0,0.0,1.0,20.0,21.34022068128279,2.2468841185405117,13.166797783672765
10403,1,1,10000,26000,2.6,0.0,0.0,0.0,0.0,1.0,26000.0,26000.0,0.0,0.0,1.0,20.0,24.36822496714048,0.24408566967131473,12.971279261296624
10522,1,1,5000,25000,5.0,0.0,0.0,0.0,0.0,1.0,25000.0,25000.0,0.0,0.0,1.0,20.0,23.43098554532739,0.4694041855621436,12.873958783290336
9573,3,16,80000,390000,4.875,0.0,0.0,0.0,0.0,16.0,390000.0,24375.0,1.0,0.0,1.0,20.0,22.845210906694202,0.6148356525632912,12.814976442364157
7904,10,5,75000,125000,1.6666666666666667,0.0,0.0,0.0,0.0,5.0,125000.0,25000.0,0.0,0.0,1.0,20.0,23.43098554532739,0.1983729507458933,12.765546289363837
10613,1,1,20000,25000,1.25,0.0,0.0,0.0,0.0,1.0,25000.0,25000.0,0.0,0.0,1.0,20.0,23.43098554532739,0.11734400448272353,12.733134710858568
9564,15,11,165000,316500,1.9181818181818182,1.0,0.0,0.0,0.0,10.0,236500.0,23650.0,0.0,0.06666666666666667,0.9090909090909091,20.0,22.165712325879706,0.2848525985705158,12.547083504604148
10510,2,3,15000,69000,4.6,0.0,0.0,0.0,0.0,3.0,69000.0,23000.0,0.0,0.0,1.0,20.0,21.556506701701196,0.452806673763067,12.492424009845466
10286,22,27,2322000,3754000,1.6167097329888027,27.0,0.25925925925925924,0.0,0.1111111111111111,0.0,,,0.0,1.2272727272727273,0.0,30.74074074074074,0.0,0.4241941741914233,12.465973965972866
9561,1,2,30000,46000,1.5333333333333334,0.0,0.0,0.0,0.0,2.0,46000.0,23000.0,0.0,0.0,1.0,20.0,21.556506701701196,0.1544218941445327,12.373070097998053
9357,8,66,330000,1379000,4.178787878787879,0.0,0.0,0.0,0.0,66.0,1379000.0,20893.939393939392,0.0,0.0,1.0,20.0,19.582623676973615,1.0733627230078628,12.34586982459787
10460,30,167,840000,3121591,3.716179761904762,0.0,0.0,0.0,0.0,167.0,3121591.0,18692.161676646705,25.0,0.0,1.0,20.0,17.51903080225726,2.088188313262656,12.339081485756514
10459,29,71,355000,1431979,4.033743661971831,0.0,0.0,0.0,0.0,71.0,1431979.0,20168.718309859156,43.0,0.0,1.0,20.0,18.90291788744359,1.112134513601542,12.225437382929336
10086,27,11,110000,239000,2.172727272727273,0.0,0.0,0.0,0.0,11.0,239000.0,21727.272727272728,0.0,0.0,1.0,20.0,20.36365652848453,0.3087500169225734,12.196231312465935
9923,17,6,90000,131000,1.4555555555555555,0.0,0.0,0.0,0.0,6.0,131000.0,21833.333333333332,0.0,0.0,1.0,20.0,20.463060709585918,0.18903105356908265,12.168224563344817
9503,26,386,3960000,4990000,1.2601010101010102,0.0,0.0,0.0,0.0,386.0,4990000.0,12927.461139896373,0.0,0.0,1.0,20.0,12.116126204267736,4.15224034490997,12.084121378817535
10535,17,18,270000,379000,1.4037037037037037,0.0,0.0,0.0,0.0,18.0,379000.0,21055.555555555555,0.0,0.0,1.0,20.0,19.734096714842398,0.3098965060381809,12.070777945383753
8883,6,23,115000,462900,4.025217391304348,0.0,0.0,0.0,0.0,23.0,462900.0,20126.08695652174,0.0,0.0,1.0,20.0,18.862962102490517,0.6084002637773644,12.015952526009048
9604,1,1,15000,21000,1.4,0.0,0.0,0.0,0.0,1.0,21000.0,21000.0,0.0,0.0,1.0,20.0,19.682027858075006,0.1314264117259003,11.98897613630536
10752,16,36,190000,710000,3.736842105263158,0.0,0.0,0.0,0.0,36.0,710000.0,19722.222222222223,18.0,0.0,1.0,20.0,18.48444415242494,0.7175380411857668,11.983904046959294
10015,1,1,44000,21000,0.4772727272727273,0.0,0.0,0.0,0.0,1.0,21000.0,21000.0,0.0,0.0,1.0,20.0,19.682027858075006,0.044798270199691514,11.954324879694878
10617,14,14,280000,286000,1.0214285714285714,0.0,0.0,0.0,0.0,14.0,286000.0,20428.571428571428,0.0,0.0,1.0,20.0,19.146462474181806,0.23209633039513988,11.922131026994418
10539,19,14,70000,275000,3.9285714285714284,0.0,0.0,0.0,0.0,14.0,275000.0,19642.85714285714,0.0,0.0,1.0,20.0,18.410060071328658,0.5050267945843284,11.884022732099464
10021,1,1,44000,20600,0.4681818181818182,0.0,0.0,0.0,0.0,1.0,20600.0,20600.0,0.0,0.0,1.0,20.0,19.307132089349764,0.04394479097283231,11.879004334259086
10531,1,4,60000,80600,1.3433333333333333,0.0,0.0,0.0,0.0,4.0,80600.0,20150.0,0.0,0.0,1.0,20.0,18.885374349533873,0.15753975248590366,11.840090770901137
7071,1,1,15000,20000,1.3333333333333333,0.0,0.0,0.0,0.0,1.0,20000.0,20000.0,0.0,0.0,1.0,20.0,18.74478843626191,0.1251675640622662,11.799024712877289
9960,1,1,20000,20000,1.0,0.0,0.0,0.0,0.0,1.0,20000.0,20000.0,0.0,0.0,1.0,20.0,18.74478843626191,0.09387332574409551,11.78650701755002
9885,31,88,880000,1550000,1.7613636363636365,0.0,0.0,0.0,0.0,88.0,1550000.0,17613.636363636364,0.0,0.0,1.0,20.0,16.508194361480662,1.076919687942231,11.732406747473025
9334,26,132,720000,2057000,2.8569444444444443,0.0,0.0,0.0,0.0,132.0,2057000.0,15583.333333333334,0.0,0.0,1.0,20.0,14.60531432325407,1.640798420676936,11.577382232921588
9306,30,68,340000,1137000,3.3441176470588236,0.0,0.0,0.0,0.0,68.0,1137000.0,16720.58823529412,1.0,0.0,1.0,20.0,15.671194450021906,1.0159571897441555,11.540621765902044
9521,12,5,25000,90000,3.6,0.0,0.0,0.0,0.0,5.0,90000.0,18000.0,0.0,0.0,1.0,20.0,16.870309592635717,0.3798795329912832,11.526013731723657
10133,59,119,1280000,1843000,1.43984375,0.0,0.0,0.0,0.0,119.0,1843000.0,15487.394957983193,0.0,0.0,1.0,20.0,14.515397095811219,1.3715459279308337,11.451697790334578
9641,4,2,30000,36000,1.2,0.0,0.0,0.0,0.0,2.0,36000.0,18000.0,0.0,0.0,1.0,20.0,16.870309592635717,0.12312765582636204,11.423312980857688
10073,13,3,30000,74000,2.466666666666667,1.0,0.0,0.0,0.0,2.0,34000.0,17000.0,0.0,0.07692307692307693,0.6666666666666666,20.0,15.933070170822623,0.25252354852677467,11.287623453575234
8405,22,5,25000,81950,3.278,0.0,0.0,0.0,0.0,5.0,81950.0,16390.0,0.0,0.0,1.0,20.0,15.361354123516636,0.34964929877593026,11.2121305442137
10691,1,2,2000,28000,14.0,0.0,0.0,0.0,0.0,2.0,28000.0,14000.0,0.0,0.0,1.0,20.0,13.121351905383335,1.3248264072441158,11.154200943974313
10301,27,31,465000,465000,1.0,0.0,0.0,0.0,0.0,31.0,465000.0,15000.0,0.0,0.0,1.0,20.0,14.058591327196432,0.4082069384850187,10.975001040833293
9008,6,13,13000,167000,12.846153846153847,0.0,0.0,0.0,0.0,13.0,167000.0,12846.153846153846,0.0,0.0,1.0,20.0,12.039921803291303,1.3317558556862226,10.94068670293275
8358,11,4,20000,60000,3.0,0.0,0.0,0.0,0.0,4.0,60000.0,15000.0,0.0,0.0,1.0,20.0,14.058591327196432,0.3130721169272118,10.93694711221017
9955,12,9,90000,135000,1.5,0.0,0.0,0.0,0.0,9.0,135000.0,15000.0,0.0,0.0,1.0,20.0,14.058591327196432,0.2246369799522644,10.901573057420192
10061,1,7,105000,105000,1.0,0.0,0.0,0.0,0.0,7.0,105000.0,15000.0,0.0,0.0,1.0,20.0,14.058591327196432,0.15674004829228017,10.874414284756197
9992,10,3,176000,44000,0.25,0.0,0.0,0.0,0.0,3.0,44000.0,14666.666666666666,0.0,0.0,1.0,20.0,13.746178186592067,0.044416863710939725,10.76700238280279
10525,20,94,940000,1161847,1.2360074468085107,0.0,0.0,0.0,0.0,94.0,1161847.0,12360.074468085106,0.0,0.0,1.0,20.0,11.584349048034888,1.0904645450968231,10.753055627645708
9156,38,5,35000,70000,2.0,0.0,0.0,0.0,0.0,5.0,70000.0,14000.0,0.0,0.0,1.0,20.0,13.121351905383335,0.22966718906406394,10.716137256702291
9009,5,4,20000,55000,2.75,0.0,0.0,0.0,0.0,4.0,55000.0,13750.0,0.0,0.0,1.0,20.0,12.887042049930065,0.2896014381885838,10.693248985261446
8757,1,1,5000,13600,2.72,0.0,0.0,0.0,0.0,1.0,13600.0,13600.0,0.0,0.0,1.0,20.0,12.746456136658098,0.2553515954658562,10.651431865517964
8877,28,25,130000,324580,2.496769230769231,0.0,0.0,0.0,0.0,25.0,324580.0,12983.2,0.0,0.0,1.0,20.0,12.168366861283781,0.48586097498182595,10.628017762249486
10008,7,2,81000,27000,0.3333333333333333,0.0,0.0,0.0,0.0,2.0,27000.0,13500.0,0.0,0.0,1.0,20.0,12.65273219447679,0.04176263619911829,10.547251493375006
9506,7,11,11000,119000,10.818181818181818,0.0,0.0,0.0,0.0,11.0,119000.0,10818.181818181818,0.0,0.0,1.0,20.0,10.13922647234167,1.1204087616656726,10.476008799134604
10052,5,2,20000,25000,1.25,0.0,0.0,0.0,0.0,2.0,25000.0,12500.0,0.0,0.0,1.0,20.0,11.715492772663694,0.12782179157408763,10.394227271162375
8120,15,15,90000,180250,2.0027777777777778,1.0,0.0,0.0,0.0,14.0,166650.0,11903.57142857143,0.0,0.06666666666666667,0.9333333333333333,20.0,11.15649640322517,0.33470584529702313,10.365181618763843
10523,20,6,30000,70000,2.3333333333333335,1.0,0.0,0.0,0.0,5.0,60000.0,12000.0,0.0,0.05,0.8333333333333334,20.0,11.246873061757146,0.27143921447359876,10.357950298140869
9355,29,20,100000,228000,2.28,0.0,0.0,0.0,0.0,20.0,228000.0,11400.0,0.0,0.0,1.0,20.0,10.684529408669288,0.41312115562178886,10.302154343982574
9737,33,39,390000,410000,1.0512820512820513,0.0,0.0,0.0,0.0,39.0,410000.0,10512.820512820514,0.0,0.0,1.0,20.0,9.853029819060747,0.49684373341872706,10.16934345717964
10200,3,2,10000,22000,2.2,0.0,0.0,0.0,0.0,2.0,22000.0,11000.0,0.0,0.0,1.0,20.0,10.309633639944051,0.21701037078087404,10.14873087630116
10149,40,39,195000,384000,1.9692307692307693,0.0,0.0,0.0,0.0,39.0,384000.0,9846.153846153846,2.0,0.0,1.0,20.0,9.228203537852018,0.5830232512487663,10.07885000806991
10009,1,1,44000,11000,0.25,0.0,0.0,0.0,0.0,1.0,11000.0,11000.0,0.0,0.0,1.0,20.0,10.309633639944051,0.023461289528211512,10.071311243800094
10012,1,1,44000,11000,0.25,0.0,0.0,0.0,0.0,1.0,11000.0,11000.0,0.0,0.0,1.0,20.0,10.309633639944051,0.023461289528211512,10.071311243800094
10141,42,31,310000,310000,1.0,0.0,0.0,0.0,0.0,31.0,310000.0,10000.0,0.0,0.0,1.0,20.0,9.372394218130955,0.4082069384850187,10.037761619020198
8829,6,4,20000,39550,1.9775,0.0,0.0,0.0,0.0,4.0,39550.0,9887.5,0.0,0.0,1.0,20.0,9.266954783176981,0.21707704088622334,9.940221772989885
10428,1,1,10000,10000,1.0,0.0,0.0,0.0,0.0,1.0,10000.0,10000.0,0.0,0.0,1.0,20.0,9.372394218130955,0.09387332574409551,9.91202817392383
8207,9,5,25000,47900,1.916,0.0,0.0,0.0,0.0,5.0,47900.0,9580.0,0.0,0.0,1.0,20.0,8.978753660969454,0.22178104100788495,9.884463148597046
10456,23,5,25000,45000,1.8,0.0,0.0,0.0,0.0,5.0,45000.0,9000.0,4.0,0.0,1.0,20.0,8.435154796317859,0.21089064607316155,9.771387217692837
8626,1,1,5000,8950,1.79,0.0,0.0,0.0,0.0,1.0,8950.0,8950.0,0.0,0.0,1.0,20.0,8.388292825227204,0.16804067055816002,9.744874833268705
8740,1,1,5000,8950,1.79,0.0,0.0,0.0,0.0,1.0,8950.0,8950.0,0.0,0.0,1.0,20.0,8.388292825227204,0.16804067055816002,9.744874833268705
8810,2,2,40000,1667400,41.685,2.0,0.0,0.0,0.0,0.0,,,0.0,1.0,0.0,20.0,0.0,3.923969370759781,9.569587748303913
10183,12,3,60000,2264000,37.733333333333334,3.0,0.0,0.0,0.0,0.0,,,0.0,0.25,0.0,20.0,0.0,3.563453962589232,9.425381585035693
10139,33,16,85000,111000,1.3058823529411765,0.0,0.0,0.0,0.0,16.0,111000.0,6937.5,0.0,0.0,1.0,20.0,6.5020984888283495,0.279757197865349,9.412322576911809
8731,1,1,5000,6700,1.34,0.0,0.0,0.0,0.0,1.0,6700.0,6700.0,0.0,0.0,1.0,20.0,6.279504126147739,0.1257934488286296,9.306218204760999
7828,1,1,30000,969000,32.3,1.0,0.0,0.0,0.0,0.0,,,0.0,1.0,0.0,20.0,0.0,3.032402303820321,9.21296092152813
9916,20,10,50100,50100,1.0,0.0,0.0,0.0,0.0,10.0,50100.0,5010.0,0.0,0.0,1.0,20.0,4.6955695032836084,0.18817340956637246,9.014383264483271
8200,2,2,10000,10000,1.0,0.0,0.0,0.0,0.0,2.0,10000.0,5000.0,0.0,0.0,1.0,20.0,4.6861971090654775,0.10435111283545963,8.978979866947281
9164,1,1,5000,5000,1.0,0.0,0.0,0.0,0.0,1.0,5000.0,5000.0,0.0,0.0,1.0,20.0,4.6861971090654775,0.09387332574409551,8.974788752110735
9041,1,1,5000,5000,1.0,0.0,0.0,0.0,0.0,1.0,5000.0,5000.0,0.0,0.0,1.0,20.0,4.6861971090654775,0.09387332574409551,8.974788752110735
8919,1,1,20000,279000,13.95,1.0,0.0,0.0,0.0,0.0,,,0.0,1.0,0.0,20.0,0.0,1.309654484405026,8.523861793762011
10692,5,2,5750,37750,6.565217391304348,1.0,0.0,0.0,0.0,1.0,750.0,750.0,0.0,0.2,0.5,20.0,0.7029295663598216,0.6268288308431786,8.391317445609236
10750,1,1,8000,2000,0.25,0.0,0.0,0.0,0.0,1.0,2000.0,2000.0,0.0,0.0,1.0,20.0,1.874478843626191,0.023461289528211512,8.384280284536523
8699,1,1,50000,482995,9.6599,1.0,0.0,0.0,0.0,0.0,,,0.0,1.0,0.0,20.0,0.0,0.9068882489786741,8.36275529959147
9406,2,59,309938,15062,0.048596816137421034,0.0,0.0,0.0,0.0,59.0,15062.0,255.28813559322035,0.0,0.0,1.0,20.0,0.23926610459913294,0.6122646631258281,8.292759086170157
9250,1,1,20000,105000,5.25,1.0,0.0,0.0,0.0,0.0,,,0.0,1.0,0.0,20.0,0.0,0.4928748643007716,8.197149945720309
8859,1,1,10000,30000,3.0,1.0,0.0,0.0,0.0,0.0,,,0.0,1.0,0.0,20.0,0.0,0.2816387556531195,8.112655502261248
10401,55,23,49500,500,0.010101010101010102,0.0,0.0,0.0,0.0,23.0,500.0,21.73913043478261,0.0,0.0,1.0,20.0,0.02037477003941512,0.23145023705165962,8.096655048828547
10429,1,1,15000,20000,1.3333333333333333,1.0,0.0,0.0,0.0,0.0,,,0.0,1.0,0.0,20.0,0.0,0.1251675640622662,8.050067025624907
10678,1,1,45000,50000,1.1111111111111112,1.0,0.0,0.0,0.0,0.0,,,0.0,1.0,0.0,20.0,0.0,0.10430473851681908,8.041721895406727
7971,1,1,15000,16200,1.08,1.0,0.0,0.0,0.0,0.0,,,0.0,1.0,0.0,20.0,0.0,0.1013839429404565,8.040553577176183
9582,3,3,2970,30,0.010101010101010102,0.0,0.0,0.0,0.0,3.0,30.0,10.0,0.0,0.0,1.0,20.0,0.009372394218130955,0.0218944952243775,8.010632276933379
10884,1,1,49995,5,0.00010001000100010001,0.0,0.0,0.0,0.0,1.0,5.0,5.0,0.0,0.0,1.0,20.0,0.004686197109065478,0.0,8.000937239421813
